NIP,NAMA,Periode,Orientasi_Pelayanan,Akuntabel,Kompeten,Harmonis,Loyal,Adaptif,Kolaboratif,Rata_7_Aspek,Kategori_7_Aspek,Waktu_Update
197110022025071001,PEGAWAI 1,2026-01,80,75,65,72,76,71,80,74.1,Dibawah Ekspektasi,03-08-2026 14:21:00
198103082027061001,PEGAWAI 10,2026-01,88,94,86,91,85,87,83,87.7,Sesuai Ekspektasi,03-08-2026 14:21:00
197505052025011001,PEGAWAI 100,2026-01,94,70,78,89,100,95,91,88.1,Sesuai Ekspektasi,03-08-2026 14:21:00
198602132024061001,PEGAWAI 101,2026-01,93,82,72,76,97,76,72,81.1,Sesuai Ekspektasi,03-08-2026 14:21:00
199201312026042001,PEGAWAI 102,2026-01,88,95,71,92,100,93,72,87.3,Sesuai Ekspektasi,03-08-2026 14:21:00
200301022024032001,PEGAWAI 103,2026-01,77,91,80,93,90,85,94,87.1,Sesuai Ekspektasi,03-08-2026 14:21:00
200103242025062001,PEGAWAI 104,2026-01,83,94,80,79,97,70,70,81.9,Sesuai Ekspektasi,03-08-2026 14:21:00
197709292026091001,PEGAWAI 105,2026-01,79,95,88,89,91,86,94,88.9,Sesuai Ekspektasi,03-08-2026 14:21:00
198401262027111001,PEGAWAI 106,2026-01,76,90,75,90,89,89,91,85.7,Sesuai Ekspektasi,03-08-2026 14:21:00
198007042023121001,PEGAWAI 107,2026-01,75,94,73,82,98,91,93,86.6,Sesuai Ekspektasi,03-08-2026 14:21:00
197801092012042001,PEGAWAI 108,2026-01,78,91,80,87,81,81,95,84.7,Sesuai Ekspektasi,03-08-2026 14:21:00
197608271997082001,PEGAWAI 109,2026-01,95,82,73,94,96,90,70,85.7,Sesuai Ekspektasi,03-08-2026 14:21:00
197504282026011001,PEGAWAI 11,2026-01,84,72,82,91,99,78,72,82.6,Sesuai Ekspektasi,03-08-2026 14:21:00
197705272023041001,PEGAWAI 110,2026-01,75,93,70,90,90,72,78,81.1,Sesuai Ekspektasi,03-08-2026 14:21:00
198610242025051001,PEGAWAI 111,2026-01,93,75,74,88,94,88,88,85.7,Sesuai Ekspektasi,03-08-2026 14:21:00
198609172025041001,PEGAWAI 112,2026-01,90,84,82,93,98,94,82,89.0,Sesuai Ekspektasi,03-08-2026 14:21:00
198611222025061001,PEGAWAI 113,2026-01,80,95,87,82,100,84,84,87.4,Sesuai Ekspektasi,03-08-2026 14:21:00
198011292025051001,PEGAWAI 114,2026-01,76,75,82,93,82,85,83,82.3,Sesuai Ekspektasi,03-08-2026 14:21:00
199904252027051001,PEGAWAI 115,2026-01,71,93,94,92,88,93,78,87.0,Sesuai Ekspektasi,03-08-2026 14:21:00
198411102025031001,PEGAWAI 116,2026-01,89,88,73,77,81,92,81,83.0,Sesuai Ekspektasi,03-08-2026 14:21:00
198901102024051001,PEGAWAI 117,2026-01,82,93,71,87,100,82,82,85.3,Sesuai Ekspektasi,03-08-2026 14:21:00
197910012026071001,PEGAWAI 118,2026-01,80,75,74,84,99,75,72,79.9,Sesuai Ekspektasi,03-08-2026 14:21:00
198905262012022001,PEGAWAI 119,2026-01,72,93,91,83,100,76,81,85.1,Sesuai Ekspektasi,03-08-2026 14:21:00
198410102026081001,PEGAWAI 12,2026-01,81,93,88,86,100,73,77,85.4,Sesuai Ekspektasi,03-08-2026 14:21:00
197312182024051001,PEGAWAI 120,2026-01,71,92,80,82,83,78,78,80.6,Sesuai Ekspektasi,03-08-2026 14:21:00
197211012027112001,PEGAWAI 121,2026-01,92,70,89,93,91,75,78,84.0,Sesuai Ekspektasi,03-08-2026 14:21:00
199112282024102001,PEGAWAI 122,2026-01,82,78,80,75,93,87,92,83.9,Sesuai Ekspektasi,03-08-2026 14:21:00
199610252025012001,PEGAWAI 123,2026-01,92,75,81,90,98,94,74,86.3,Sesuai Ekspektasi,03-08-2026 14:21:00
196807121999061001,PEGAWAI 124,2026-01,74,73,92,86,100,81,76,83.1,Sesuai Ekspektasi,03-08-2026 14:21:00
200102282024041001,PEGAWAI 125,2026-01,75,76,72,78,87,95,94,82.4,Sesuai Ekspektasi,03-08-2026 14:21:00
196809291997031001,PEGAWAI 126,2026-01,72,73,87,89,83,75,75,79.1,Sesuai Ekspektasi,03-08-2026 14:21:00
197209142000011001,PEGAWAI 127,2026-01,74,88,93,87,90,75,73,82.9,Sesuai Ekspektasi,03-08-2026 14:21:00
198704072024011001,PEGAWAI 128,2026-01,87,93,88,90,93,82,82,87.9,Sesuai Ekspektasi,03-08-2026 14:21:00
197511032025021001,PEGAWAI 129,2026-01,86,89,74,83,87,77,83,82.7,Sesuai Ekspektasi,03-08-2026 14:21:00
199405232026081001,PEGAWAI 13,2026-01,92,75,80,92,90,81,95,86.4,Sesuai Ekspektasi,03-08-2026 14:21:00
197604101998081001,PEGAWAI 130,2026-01,81,94,71,85,92,94,77,84.9,Sesuai Ekspektasi,03-08-2026 14:21:00
197308052024081001,PEGAWAI 131,2026-01,80,90,95,80,98,83,79,86.4,Sesuai Ekspektasi,03-08-2026 14:21:00
198403152025011001,PEGAWAI 132,2026-01,72,84,95,91,91,82,76,84.4,Sesuai Ekspektasi,03-08-2026 14:21:00
197908242009031001,PEGAWAI 133,2026-01,89,87,81,89,86,73,75,82.9,Sesuai Ekspektasi,03-08-2026 14:21:00
199602112017111001,PEGAWAI 134,2026-01,85,88,90,90,85,74,70,83.1,Sesuai Ekspektasi,03-08-2026 14:21:00
199107202015011001,PEGAWAI 135,2026-01,77,71,79,76,96,83,83,80.7,Sesuai Ekspektasi,03-08-2026 14:21:00
199905102024101001,PEGAWAI 136,2026-01,71,81,92,88,100,89,93,87.7,Sesuai Ekspektasi,03-08-2026 14:21:00
198003012025061001,PEGAWAI 137,2026-01,85,83,77,82,80,83,87,82.4,Sesuai Ekspektasi,03-08-2026 14:21:00
198804092025081001,PEGAWAI 138,2026-01,95,89,78,94,95,76,94,88.7,Sesuai Ekspektasi,03-08-2026 14:21:00
198601042026021001,PEGAWAI 139,2026-01,86,92,74,88,81,87,72,82.9,Sesuai Ekspektasi,03-08-2026 14:21:00
197005122026091001,PEGAWAI 14,2026-01,89,86,94,77,82,79,91,85.4,Sesuai Ekspektasi,03-08-2026 14:21:00
199512242025041001,PEGAWAI 140,2026-01,91,86,78,75,97,79,72,82.6,Sesuai Ekspektasi,03-08-2026 14:21:00
198601242027111001,PEGAWAI 141,2026-01,77,77,93,95,90,87,95,87.7,Sesuai Ekspektasi,03-08-2026 14:21:00
199203272014031001,PEGAWAI 142,2026-01,74,84,75,82,86,81,90,81.7,Sesuai Ekspektasi,03-08-2026 14:21:00
197805102027062001,PEGAWAI 143,2026-01,81,94,73,94,92,78,75,83.9,Sesuai Ekspektasi,03-08-2026 14:21:00
199608112024032001,PEGAWAI 144,2026-01,81,89,70,95,89,83,89,85.1,Sesuai Ekspektasi,03-08-2026 14:21:00
199709182022092001,PEGAWAI 145,2026-01,82,82,83,79,86,76,76,80.6,Sesuai Ekspektasi,03-08-2026 14:21:00
199702112027112001,PEGAWAI 146,2026-01,72,94,89,76,99,77,81,84.0,Sesuai Ekspektasi,03-08-2026 14:21:00
199709222025122001,PEGAWAI 147,2026-01,76,84,90,95,87,90,75,85.3,Sesuai Ekspektasi,03-08-2026 14:21:00
197301232027042001,PEGAWAI 148,2026-01,91,72,85,87,90,81,77,83.3,Sesuai Ekspektasi,03-08-2026 14:21:00
199406152022112001,PEGAWAI 149,2026-01,89,92,91,95,98,92,80,91.0,Diatas Ekspektasi,03-08-2026 14:21:00
197808272027051001,PEGAWAI 15,2026-01,85,83,85,93,80,83,88,85.3,Sesuai Ekspektasi,03-08-2026 14:21:00
198312192001122001,PEGAWAI 150,2026-01,72,91,71,87,81,74,85,80.1,Sesuai Ekspektasi,03-08-2026 14:21:00
199411112027072001,PEGAWAI 151,2026-01,85,85,76,84,94,88,72,83.4,Sesuai Ekspektasi,03-08-2026 14:21:00
197407302010112001,PEGAWAI 152,2026-01,78,91,87,91,93,77,94,87.3,Sesuai Ekspektasi,03-08-2026 14:21:00
198907192024071001,PEGAWAI 153,2026-01,83,93,92,82,92,92,73,86.7,Sesuai Ekspektasi,03-08-2026 14:21:00
200111162024061001,PEGAWAI 154,2026-01,70,72,65,75,71,73,70,70.9,Dibawah Ekspektasi,03-08-2026 14:21:00
198912212025112001,PEGAWAI 155,2026-01,92,93,89,81,88,70,84,85.3,Sesuai Ekspektasi,03-08-2026 14:21:00
199911272025042001,PEGAWAI 156,2026-01,94,83,82,90,99,71,70,84.1,Sesuai Ekspektasi,03-08-2026 14:21:00
197504022025121001,PEGAWAI 157,2026-01,74,76,85,90,84,78,80,81.0,Sesuai Ekspektasi,03-08-2026 14:21:00
196802221996101001,PEGAWAI 158,2026-01,86,83,83,88,90,92,78,85.7,Sesuai Ekspektasi,03-08-2026 14:21:00
200007012025052001,PEGAWAI 159,2026-01,86,81,70,82,95,74,80,81.1,Sesuai Ekspektasi,03-08-2026 14:21:00
197308252026121001,PEGAWAI 16,2026-01,73,86,86,83,91,71,82,81.7,Sesuai Ekspektasi,03-08-2026 14:21:00
199712192026012001,PEGAWAI 160,2026-01,87,71,90,87,99,82,90,86.6,Sesuai Ekspektasi,03-08-2026 14:21:00
196804061988121001,PEGAWAI 161,2026-01,78,97,92,90,91,95,94,91.0,Diatas Ekspektasi,03-08-2026 14:21:00
199905012024101001,PEGAWAI 162,2026-01,71,76,85,80,83,73,79,78.1,Sesuai Ekspektasi,03-08-2026 14:21:00
199411222023011001,PEGAWAI 163,2026-01,86,86,80,87,81,73,71,80.6,Sesuai Ekspektasi,03-08-2026 14:21:00
199505112026022001,PEGAWAI 164,2026-01,95,74,70,81,85,88,92,83.6,Sesuai Ekspektasi,03-08-2026 14:21:00
199710232023031001,PEGAWAI 165,2026-01,89,87,86,87,97,89,85,88.6,Sesuai Ekspektasi,03-08-2026 14:21:00
200207182024112001,PEGAWAI 166,2026-01,84,74,73,78,93,84,94,82.9,Sesuai Ekspektasi,03-08-2026 14:21:00
199707112026021001,PEGAWAI 167,2026-01,73,82,89,93,99,90,95,88.7,Sesuai Ekspektasi,03-08-2026 14:21:00
199009012024051001,PEGAWAI 168,2026-01,87,74,87,79,85,74,70,79.4,Sesuai Ekspektasi,03-08-2026 14:21:00
199712152021031001,PEGAWAI 169,2026-01,72,89,93,94,100,74,80,86.0,Sesuai Ekspektasi,03-08-2026 14:21:00
199610022023051001,PEGAWAI 17,2026-01,88,72,77,87,96,75,89,83.4,Sesuai Ekspektasi,03-08-2026 14:21:00
200109162026071001,PEGAWAI 170,2026-01,82,76,79,91,96,82,70,82.3,Sesuai Ekspektasi,03-08-2026 14:21:00
199304302026041001,PEGAWAI 171,2026-01,78,95,95,78,86,71,78,83.0,Sesuai Ekspektasi,03-08-2026 14:21:00
197709242025121001,PEGAWAI 172,2026-01,77,84,83,94,98,73,78,83.9,Sesuai Ekspektasi,03-08-2026 14:21:00
199710022025021001,PEGAWAI 173,2026-01,73,80,88,82,89,76,80,81.1,Sesuai Ekspektasi,03-08-2026 14:21:00
198212212024111001,PEGAWAI 174,2026-01,87,89,78,89,82,90,95,87.1,Sesuai Ekspektasi,03-08-2026 14:21:00
199906062024052001,PEGAWAI 175,2026-01,78,75,70,85,96,82,81,81.0,Sesuai Ekspektasi,03-08-2026 14:21:00
200006272027072001,PEGAWAI 176,2026-01,78,72,90,91,82,71,73,79.6,Sesuai Ekspektasi,03-08-2026 14:21:00
198807062010112001,PEGAWAI 177,2026-01,70,88,87,87,87,77,84,82.9,Sesuai Ekspektasi,03-08-2026 14:21:00
199710152020032001,PEGAWAI 178,2026-01,83,70,73,87,89,85,74,80.1,Sesuai Ekspektasi,03-08-2026 14:21:00
199812072025082001,PEGAWAI 179,2026-01,94,80,71,91,92,72,79,82.7,Sesuai Ekspektasi,03-08-2026 14:21:00
199411242018031001,PEGAWAI 18,2026-01,83,94,94,75,84,93,87,87.1,Sesuai Ekspektasi,03-08-2026 14:21:00
196705041997121001,PEGAWAI 180,2026-01,76,93,93,88,91,71,77,84.1,Sesuai Ekspektasi,03-08-2026 14:21:00
197708012001031001,PEGAWAI 181,2026-01,88,75,83,82,94,92,73,83.9,Sesuai Ekspektasi,03-08-2026 14:21:00
197102031994061001,PEGAWAI 182,2026-01,79,92,95,94,100,83,84,89.6,Sesuai Ekspektasi,03-08-2026 14:21:00
199902272024042001,PEGAWAI 183,2026-01,86,93,82,82,93,94,77,86.7,Sesuai Ekspektasi,03-08-2026 14:21:00
197807072025081001,PEGAWAI 184,2026-01,91,87,90,89,89,75,87,86.9,Sesuai Ekspektasi,03-08-2026 14:21:00
197908252026041001,PEGAWAI 185,2026-01,83,89,77,92,98,83,86,86.9,Sesuai Ekspektasi,03-08-2026 14:21:00
198211022024122001,PEGAWAI 186,2026-01,84,91,72,86,95,72,89,84.1,Sesuai Ekspektasi,03-08-2026 14:21:00
199405102025011001,PEGAWAI 187,2026-01,83,71,81,90,86,86,79,82.3,Sesuai Ekspektasi,03-08-2026 14:21:00
196703241995021001,PEGAWAI 188,2026-01,70,72,80,95,98,79,84,82.6,Sesuai Ekspektasi,03-08-2026 14:21:00
199403032026042001,PEGAWAI 189,2026-01,94,82,93,78,88,79,94,86.9,Sesuai Ekspektasi,03-08-2026 14:21:00
199707162026051001,PEGAWAI 19,2026-01,89,77,86,92,83,86,72,83.6,Sesuai Ekspektasi,03-08-2026 14:21:00
199301242026122001,PEGAWAI 190,2026-01,86,91,76,86,94,81,71,83.6,Sesuai Ekspektasi,03-08-2026 14:21:00
199601172026122001,PEGAWAI 191,2026-01,82,95,80,82,87,84,84,84.9,Sesuai Ekspektasi,03-08-2026 14:21:00
199612012024062001,PEGAWAI 192,2026-01,85,81,77,90,84,84,70,81.6,Sesuai Ekspektasi,03-08-2026 14:21:00
197509042009091001,PEGAWAI 193,2026-01,80,88,77,89,99,94,77,86.3,Sesuai Ekspektasi,03-08-2026 14:21:00
198909112026121001,PEGAWAI 194,2026-01,87,84,71,84,88,81,81,82.3,Sesuai Ekspektasi,03-08-2026 14:21:00
197502272025072001,PEGAWAI 195,2026-01,80,88,95,83,97,70,95,86.9,Sesuai Ekspektasi,03-08-2026 14:21:00
199306202026012001,PEGAWAI 196,2026-01,70,89,71,92,81,82,95,82.9,Sesuai Ekspektasi,03-08-2026 14:21:00
197209182009082001,PEGAWAI 197,2026-01,89,91,73,83,100,84,88,86.9,Sesuai Ekspektasi,03-08-2026 14:21:00
197005011998022001,PEGAWAI 198,2026-01,86,76,95,92,85,89,86,87.0,Sesuai Ekspektasi,03-08-2026 14:21:00
200011172023052001,PEGAWAI 199,2026-01,79,76,76,93,95,79,93,84.4,Sesuai Ekspektasi,03-08-2026 14:21:00
198506242024011001,PEGAWAI 2,2026-01,91,94,79,77,82,71,90,83.4,Sesuai Ekspektasi,03-08-2026 14:21:00
199805282026122001,PEGAWAI 20,2026-01,86,82,76,83,90,71,83,81.6,Sesuai Ekspektasi,03-08-2026 14:21:00
198204042024081001,PEGAWAI 200,2026-01,78,72,79,70,71,71,74,73.6,Dibawah Ekspektasi,03-08-2026 14:21:00
197102142028011001,PEGAWAI 201,2026-01,78,74,83,81,81,73,76,78.0,Sesuai Ekspektasi,03-08-2026 14:21:00
197007141985121001,PEGAWAI 202,2026-01,76,78,82,91,94,89,78,84.0,Sesuai Ekspektasi,03-08-2026 14:21:00
198201012024071001,PEGAWAI 203,2026-01,81,73,88,93,96,78,77,83.7,Sesuai Ekspektasi,03-08-2026 14:21:00
197411212024121001,PEGAWAI 204,2026-01,86,83,78,92,87,71,72,81.3,Sesuai Ekspektasi,03-08-2026 14:21:00
197104092024121001,PEGAWAI 205,2026-01,75,85,79,94,80,79,88,82.9,Sesuai Ekspektasi,03-08-2026 14:21:00
197707212009111001,PEGAWAI 206,2026-01,86,71,95,81,88,73,92,83.7,Sesuai Ekspektasi,03-08-2026 14:21:00
197004031996052001,PEGAWAI 207,2026-01,88,84,94,86,94,93,77,88.0,Sesuai Ekspektasi,03-08-2026 14:21:00
197403192025022001,PEGAWAI 208,2026-01,71,95,85,95,93,80,86,86.4,Sesuai Ekspektasi,03-08-2026 14:21:00
196806031990081001,PEGAWAI 209,2026-01,91,80,84,75,90,73,80,81.9,Sesuai Ekspektasi,03-08-2026 14:21:00
196904171988061001,PEGAWAI 21,2026-01,77,76,75,88,97,88,73,82.0,Sesuai Ekspektasi,03-08-2026 14:21:00
197401102009071001,PEGAWAI 210,2026-01,83,76,88,86,85,83,84,83.6,Sesuai Ekspektasi,03-08-2026 14:21:00
196907041988121001,PEGAWAI 211,2026-01,78,86,92,79,85,92,85,85.3,Sesuai Ekspektasi,03-08-2026 14:21:00
197309202007042001,PEGAWAI 212,2026-01,86,85,89,92,88,72,92,86.3,Sesuai Ekspektasi,03-08-2026 14:21:00
197104191994041001,PEGAWAI 213,2026-01,89,86,84,81,96,77,77,84.3,Sesuai Ekspektasi,03-08-2026 14:21:00
197602042026051001,PEGAWAI 214,2026-01,87,95,86,84,83,77,70,83.1,Sesuai Ekspektasi,03-08-2026 14:21:00
198303142024041001,PEGAWAI 215,2026-01,84,88,85,94,97,86,88,88.9,Sesuai Ekspektasi,03-08-2026 14:21:00
197202101998031001,PEGAWAI 216,2026-01,71,90,90,89,99,93,87,88.4,Sesuai Ekspektasi,03-08-2026 14:21:00
198710292027041001,PEGAWAI 217,2026-01,81,90,82,82,91,74,75,82.1,Sesuai Ekspektasi,03-08-2026 14:21:00
198001192027102001,PEGAWAI 218,2026-01,97,90,91,95,89,87,92,91.6,Diatas Ekspektasi,03-08-2026 14:21:00
197205151997071001,PEGAWAI 219,2026-01,80,90,81,78,90,75,83,82.4,Sesuai Ekspektasi,03-08-2026 14:21:00
200007142023072001,PEGAWAI 22,2026-01,92,75,87,83,91,74,87,84.1,Sesuai Ekspektasi,03-08-2026 14:21:00
197906092025071001,PEGAWAI 220,2026-01,94,94,84,86,85,71,88,86.0,Sesuai Ekspektasi,03-08-2026 14:21:00
197906252026061001,PEGAWAI 221,2026-01,85,79,90,91,80,75,74,82.0,Sesuai Ekspektasi,03-08-2026 14:21:00
197610052023051001,PEGAWAI 222,2026-01,82,78,91,76,81,86,90,83.4,Sesuai Ekspektasi,03-08-2026 14:21:00
198202282026051001,PEGAWAI 223,2026-01,94,88,72,80,86,84,78,83.1,Sesuai Ekspektasi,03-08-2026 14:21:00
197808032025041001,PEGAWAI 224,2026-01,85,77,74,83,86,89,84,82.6,Sesuai Ekspektasi,03-08-2026 14:21:00
199007182015041001,PEGAWAI 225,2026-01,71,92,86,94,91,76,81,84.4,Sesuai Ekspektasi,03-08-2026 14:21:00
196811301992061001,PEGAWAI 226,2026-01,92,72,79,85,89,70,85,81.7,Sesuai Ekspektasi,03-08-2026 14:21:00
199712212026051001,PEGAWAI 227,2026-01,85,91,74,77,89,79,77,81.7,Sesuai Ekspektasi,03-08-2026 14:21:00
198009112026061001,PEGAWAI 228,2026-01,84,71,85,82,94,76,72,80.6,Sesuai Ekspektasi,03-08-2026 14:21:00
199908092021091001,PEGAWAI 229,2026-01,81,93,89,88,86,70,84,84.4,Sesuai Ekspektasi,03-08-2026 14:21:00
197001231995091001,PEGAWAI 23,2026-01,85,90,82,82,81,74,70,80.6,Sesuai Ekspektasi,03-08-2026 14:21:00
197708132026041001,PEGAWAI 230,2026-01,87,82,74,79,94,85,94,85.0,Sesuai Ekspektasi,03-08-2026 14:21:00
199211112022032001,PEGAWAI 231,2026-01,80,91,74,82,80,76,70,79.0,Sesuai Ekspektasi,03-08-2026 14:21:00
197502271997061001,PEGAWAI 232,2026-01,81,77,93,76,94,81,82,83.4,Sesuai Ekspektasi,03-08-2026 14:21:00
199207062025092001,PEGAWAI 233,2026-01,84,79,80,91,84,83,79,82.9,Sesuai Ekspektasi,03-08-2026 14:21:00
196812051998051001,PEGAWAI 234,2026-01,77,76,75,95,93,91,89,85.1,Sesuai Ekspektasi,03-08-2026 14:21:00
197307211994051001,PEGAWAI 235,2026-01,81,75,80,95,89,90,95,86.4,Sesuai Ekspektasi,03-08-2026 14:21:00
196906171998021001,PEGAWAI 236,2026-01,77,77,93,87,94,82,83,84.7,Sesuai Ekspektasi,03-08-2026 14:21:00
197810092025111001,PEGAWAI 237,2026-01,76,91,70,91,96,87,71,83.1,Sesuai Ekspektasi,03-08-2026 14:21:00
199705132026101001,PEGAWAI 238,2026-01,83,90,72,88,100,75,74,83.1,Sesuai Ekspektasi,03-08-2026 14:21:00
199207132024111001,PEGAWAI 239,2026-01,72,73,94,91,83,94,84,84.4,Sesuai Ekspektasi,03-08-2026 14:21:00
199504172022071001,PEGAWAI 24,2026-01,76,78,82,87,82,84,91,82.9,Sesuai Ekspektasi,03-08-2026 14:21:00
196805281988091001,PEGAWAI 240,2026-01,73,86,71,76,95,78,81,80.0,Sesuai Ekspektasi,03-08-2026 14:21:00
200204142024061001,PEGAWAI 241,2026-01,90,95,76,91,80,72,88,84.6,Sesuai Ekspektasi,03-08-2026 14:21:00
199705062024121001,PEGAWAI 242,2026-01,77,93,80,77,89,88,91,85.0,Sesuai Ekspektasi,03-08-2026 14:21:00
199202062025111001,PEGAWAI 243,2026-01,93,82,80,77,95,86,95,86.9,Sesuai Ekspektasi,03-08-2026 14:21:00
197304142007052001,PEGAWAI 244,2026-01,86,83,72,86,83,75,78,80.4,Sesuai Ekspektasi,03-08-2026 14:21:00
198807112009092001,PEGAWAI 245,2026-01,73,78,88,78,83,80,80,80.0,Sesuai Ekspektasi,03-08-2026 14:21:00
197602292010122001,PEGAWAI 246,2026-01,87,90,92,81,92,81,84,86.7,Sesuai Ekspektasi,03-08-2026 14:21:00
198607182026021001,PEGAWAI 247,2026-01,78,71,89,80,88,95,87,84.0,Sesuai Ekspektasi,03-08-2026 14:21:00
199202032024061001,PEGAWAI 248,2026-01,88,80,72,79,89,95,71,82.0,Sesuai Ekspektasi,03-08-2026 14:21:00
197002211996061001,PEGAWAI 249,2026-01,93,80,94,80,99,85,79,87.1,Sesuai Ekspektasi,03-08-2026 14:21:00
200004012023042001,PEGAWAI 25,2026-01,71,90,81,87,88,74,92,83.3,Sesuai Ekspektasi,03-08-2026 14:21:00
199302192013072001,PEGAWAI 250,2026-01,77,92,82,82,87,72,85,82.4,Sesuai Ekspektasi,03-08-2026 14:21:00
199007052026042001,PEGAWAI 26,2026-01,81,81,80,91,100,73,82,84.0,Sesuai Ekspektasi,03-08-2026 14:21:00
197407072010042001,PEGAWAI 27,2026-01,83,90,89,86,92,83,74,85.3,Sesuai Ekspektasi,03-08-2026 14:21:00
196703211999081001,PEGAWAI 28,2026-01,80,81,78,94,94,87,82,85.1,Sesuai Ekspektasi,03-08-2026 14:21:00
199510282017052001,PEGAWAI 29,2026-01,93,71,92,77,86,74,94,83.9,Sesuai Ekspektasi,03-08-2026 14:21:00
199309052025111001,PEGAWAI 3,2026-01,90,72,88,85,88,92,90,86.4,Sesuai Ekspektasi,03-08-2026 14:21:00
200009252026081001,PEGAWAI 30,2026-01,83,70,93,81,84,77,70,79.7,Sesuai Ekspektasi,03-08-2026 14:21:00
197902112016041001,PEGAWAI 31,2026-01,91,87,79,84,94,80,80,85.0,Sesuai Ekspektasi,03-08-2026 14:21:00
197408212026051001,PEGAWAI 32,2026-01,91,86,92,90,96,74,74,86.1,Sesuai Ekspektasi,03-08-2026 14:21:00
199312022025061001,PEGAWAI 33,2026-01,78,77,79,85,85,86,90,82.9,Sesuai Ekspektasi,03-08-2026 14:21:00
199802092022051001,PEGAWAI 34,2026-01,94,70,74,90,82,91,73,82.0,Sesuai Ekspektasi,03-08-2026 14:21:00
197907192027091001,PEGAWAI 35,2026-01,84,80,85,92,100,74,78,84.7,Sesuai Ekspektasi,03-08-2026 14:21:00
196706011999021001,PEGAWAI 36,2026-01,91,72,73,79,90,70,72,78.1,Sesuai Ekspektasi,03-08-2026 14:21:00
198311132026121001,PEGAWAI 37,2026-01,78,78,84,90,87,90,83,84.3,Sesuai Ekspektasi,03-08-2026 14:21:00
197611302024091001,PEGAWAI 38,2026-01,87,82,83,81,95,90,94,87.4,Sesuai Ekspektasi,03-08-2026 14:21:00
199511092023012001,PEGAWAI 39,2026-01,89,72,74,93,82,78,80,81.1,Sesuai Ekspektasi,03-08-2026 14:21:00
199302282027111001,PEGAWAI 4,2026-01,79,88,77,94,81,92,83,84.9,Sesuai Ekspektasi,03-08-2026 14:21:00
199606152023062001,PEGAWAI 40,2026-01,82,74,82,82,99,76,90,83.6,Sesuai Ekspektasi,03-08-2026 14:21:00
199602042026041001,PEGAWAI 41,2026-01,94,88,95,76,100,84,88,89.3,Sesuai Ekspektasi,03-08-2026 14:21:00
198703262009081001,PEGAWAI 42,2026-01,72,86,89,84,93,89,76,84.1,Sesuai Ekspektasi,03-08-2026 14:21:00
197509132027031001,PEGAWAI 43,2026-01,71,91,81,76,95,92,89,85.0,Sesuai Ekspektasi,03-08-2026 14:21:00
200112292024011001,PEGAWAI 44,2026-01,83,94,70,94,98,86,89,87.7,Sesuai Ekspektasi,03-08-2026 14:21:00
199710182025112001,PEGAWAI 45,2026-01,72,77,74,89,81,78,71,77.4,Sesuai Ekspektasi,03-08-2026 14:21:00
198804282024031001,PEGAWAI 46,2026-01,90,75,72,95,86,85,94,85.3,Sesuai Ekspektasi,03-08-2026 14:21:00
199809052024081001,PEGAWAI 47,2026-01,75,73,80,77,88,90,70,79.0,Sesuai Ekspektasi,03-08-2026 14:21:00
198512162009122001,PEGAWAI 48,2026-01,92,74,91,77,85,95,81,85.0,Sesuai Ekspektasi,03-08-2026 14:21:00
198304082024101001,PEGAWAI 49,2026-01,79,79,89,89,99,87,87,87.0,Sesuai Ekspektasi,03-08-2026 14:21:00
196908311989051001,PEGAWAI 5,2026-01,80,82,85,77,93,88,84,84.1,Sesuai Ekspektasi,03-08-2026 14:21:00
200203142025051001,PEGAWAI 50,2026-01,73,89,72,88,82,81,83,81.1,Sesuai Ekspektasi,03-08-2026 14:21:00
199211072027091001,PEGAWAI 51,2026-01,76,74,75,81,99,82,91,82.6,Sesuai Ekspektasi,03-08-2026 14:21:00
199906162024101001,PEGAWAI 52,2026-01,71,77,86,86,86,78,84,81.1,Sesuai Ekspektasi,03-08-2026 14:21:00
199806252027041001,PEGAWAI 53,2026-01,94,83,94,90,84,82,75,86.0,Sesuai Ekspektasi,03-08-2026 14:21:00
199204242016121001,PEGAWAI 54,2026-01,74,88,87,75,95,90,83,84.6,Sesuai Ekspektasi,03-08-2026 14:21:00
197202022024051001,PEGAWAI 55,2026-01,72,92,83,81,94,74,86,83.1,Sesuai Ekspektasi,03-08-2026 14:21:00
197209041999011001,PEGAWAI 56,2026-01,77,74,91,78,98,92,80,84.3,Sesuai Ekspektasi,03-08-2026 14:21:00
198901292027011001,PEGAWAI 57,2026-01,72,91,91,76,92,82,84,84.0,Sesuai Ekspektasi,03-08-2026 14:21:00
198110312024051001,PEGAWAI 58,2026-01,72,70,94,77,98,73,86,81.4,Sesuai Ekspektasi,03-08-2026 14:21:00
199904262025092001,PEGAWAI 59,2026-01,95,85,80,84,89,83,80,85.1,Sesuai Ekspektasi,03-08-2026 14:21:00
197110152025031001,PEGAWAI 6,2026-01,73,72,81,77,98,86,85,81.7,Sesuai Ekspektasi,03-08-2026 14:21:00
196911101996022001,PEGAWAI 60,2026-01,75,70,83,88,89,72,86,80.4,Sesuai Ekspektasi,03-08-2026 14:21:00
198101052016061001,PEGAWAI 61,2026-01,86,71,80,91,89,72,73,80.3,Sesuai Ekspektasi,03-08-2026 14:21:00
197609212026011001,PEGAWAI 62,2026-01,81,92,85,81,82,81,78,82.9,Sesuai Ekspektasi,03-08-2026 14:21:00
198505122026101001,PEGAWAI 63,2026-01,65,74,72,70,76,67,71,70.7,Dibawah Ekspektasi,03-08-2026 14:21:00
200306192024121001,PEGAWAI 64,2026-01,91,77,79,81,81,94,85,84.0,Sesuai Ekspektasi,03-08-2026 14:21:00
199711142024012001,PEGAWAI 65,2026-01,81,70,70,77,99,93,72,80.3,Sesuai Ekspektasi,03-08-2026 14:21:00
199502192024012001,PEGAWAI 66,2026-01,77,70,71,78,95,72,87,78.6,Sesuai Ekspektasi,03-08-2026 14:21:00
197907072024062001,PEGAWAI 67,2026-01,93,84,75,79,99,94,86,87.1,Sesuai Ekspektasi,03-08-2026 14:21:00
198206082026111001,PEGAWAI 68,2026-01,73,70,84,94,92,89,75,82.4,Sesuai Ekspektasi,03-08-2026 14:21:00
197604211999042001,PEGAWAI 69,2026-01,74,74,94,90,80,86,81,82.7,Sesuai Ekspektasi,03-08-2026 14:21:00
197712122024041001,PEGAWAI 7,2026-01,87,95,70,90,80,73,85,82.9,Sesuai Ekspektasi,03-08-2026 14:21:00
199009092012091001,PEGAWAI 70,2026-01,82,89,95,96,97,90,90,91.3,Diatas Ekspektasi,03-08-2026 14:21:00
199207292025031001,PEGAWAI 71,2026-01,77,94,94,79,97,72,92,86.4,Sesuai Ekspektasi,03-08-2026 14:21:00
199405252026092001,PEGAWAI 72,2026-01,71,79,74,87,96,93,87,83.9,Sesuai Ekspektasi,03-08-2026 14:21:00
200104282024022001,PEGAWAI 73,2026-01,78,85,77,88,97,76,81,83.1,Sesuai Ekspektasi,03-08-2026 14:21:00
199509262026081001,PEGAWAI 74,2026-01,70,94,93,87,82,88,95,87.0,Sesuai Ekspektasi,03-08-2026 14:21:00
197405021997021001,PEGAWAI 75,2026-01,93,95,92,89,81,79,95,89.1,Sesuai Ekspektasi,03-08-2026 14:21:00
198406302024051001,PEGAWAI 76,2026-01,89,87,91,90,88,94,78,88.1,Sesuai Ekspektasi,03-08-2026 14:21:00
197510172010012001,PEGAWAI 77,2026-01,87,88,79,80,80,93,94,85.9,Sesuai Ekspektasi,03-08-2026 14:21:00
197806042008041001,PEGAWAI 78,2026-01,94,87,90,82,96,87,87,89.0,Sesuai Ekspektasi,03-08-2026 14:21:00
198610032010031001,PEGAWAI 79,2026-01,76,88,89,78,89,71,91,83.1,Sesuai Ekspektasi,03-08-2026 14:21:00
200409252024091001,PEGAWAI 8,2026-01,89,86,83,93,89,71,71,83.1,Sesuai Ekspektasi,03-08-2026 14:21:00
197105162024081001,PEGAWAI 80,2026-01,90,83,77,80,89,83,80,83.1,Sesuai Ekspektasi,03-08-2026 14:21:00
199206052023081001,PEGAWAI 81,2026-01,82,90,88,94,80,92,88,87.7,Sesuai Ekspektasi,03-08-2026 14:21:00
199707032025072001,PEGAWAI 82,2026-01,94,88,87,84,91,94,71,87.0,Sesuai Ekspektasi,03-08-2026 14:21:00
199211022017021001,PEGAWAI 83,2026-01,86,80,78,75,84,71,86,80.0,Sesuai Ekspektasi,03-08-2026 14:21:00
199303022027022001,PEGAWAI 84,2026-01,71,72,94,81,81,88,80,81.0,Sesuai Ekspektasi,03-08-2026 14:21:00
197308181996122001,PEGAWAI 85,2026-01,90,71,87,80,86,93,72,82.7,Sesuai Ekspektasi,03-08-2026 14:21:00
199907092025121001,PEGAWAI 86,2026-01,71,85,81,93,82,88,70,81.4,Sesuai Ekspektasi,03-08-2026 14:21:00
199603072024071001,PEGAWAI 87,2026-01,93,86,86,92,96,91,85,89.9,Sesuai Ekspektasi,03-08-2026 14:21:00
199705172021121001,PEGAWAI 88,2026-01,71,75,82,83,91,89,84,82.1,Sesuai Ekspektasi,03-08-2026 14:21:00
199208022018051001,PEGAWAI 89,2026-01,91,79,81,80,91,80,92,84.9,Sesuai Ekspektasi,03-08-2026 14:21:00
199811082026012001,PEGAWAI 9,2026-01,73,95,88,90,100,72,83,85.9,Sesuai Ekspektasi,03-08-2026 14:21:00
197008102026011001,PEGAWAI 90,2026-01,70,70,95,90,81,81,83,81.4,Sesuai Ekspektasi,03-08-2026 14:21:00
197802232023071001,PEGAWAI 91,2026-01,72,80,83,83,91,88,77,82.0,Sesuai Ekspektasi,03-08-2026 14:21:00
199702232025072001,PEGAWAI 92,2026-01,77,72,95,79,86,81,76,80.9,Sesuai Ekspektasi,03-08-2026 14:21:00
199211142025102001,PEGAWAI 93,2026-01,84,73,82,76,94,70,82,80.1,Sesuai Ekspektasi,03-08-2026 14:21:00
199511092024041001,PEGAWAI 94,2026-01,72,81,77,85,97,89,90,84.4,Sesuai Ekspektasi,03-08-2026 14:21:00
197603292007082001,PEGAWAI 95,2026-01,86,74,77,84,97,90,75,83.3,Sesuai Ekspektasi,03-08-2026 14:21:00
198002292026032001,PEGAWAI 96,2026-01,94,81,87,92,100,86,78,88.3,Sesuai Ekspektasi,03-08-2026 14:21:00
197012012000021001,PEGAWAI 97,2026-01,83,74,93,93,89,84,71,83.9,Sesuai Ekspektasi,03-08-2026 14:21:00
199906232027032001,PEGAWAI 98,2026-01,90,83,86,94,99,89,74,87.9,Sesuai Ekspektasi,03-08-2026 14:21:00
198408022010081001,PEGAWAI 99,2026-01,98,92,90,91,89,93,95,92.6,Diatas Ekspektasi,03-08-2026 14:21:00
197110022025071001,PEGAWAI 1,2026-02,90,72,64,75,78,72,78,75.6,Sesuai Ekspektasi,03-08-2026 14:21:00
198103082027061001,PEGAWAI 10,2026-02,83,77,70,87,94,81,86,82.6,Sesuai Ekspektasi,03-08-2026 14:21:00
197505052025011001,PEGAWAI 100,2026-02,86,91,94,79,77,80,87,84.9,Sesuai Ekspektasi,03-08-2026 14:21:00
198602132024061001,PEGAWAI 101,2026-02,70,85,93,82,91,86,81,84.0,Sesuai Ekspektasi,03-08-2026 14:21:00
199201312026042001,PEGAWAI 102,2026-02,84,83,93,79,74,85,70,81.1,Sesuai Ekspektasi,03-08-2026 14:21:00
200301022024032001,PEGAWAI 103,2026-02,75,81,91,92,78,74,84,82.1,Sesuai Ekspektasi,03-08-2026 14:21:00
200103242025062001,PEGAWAI 104,2026-02,80,81,70,86,86,83,83,81.3,Sesuai Ekspektasi,03-08-2026 14:21:00
197709292026091001,PEGAWAI 105,2026-02,76,92,76,91,73,91,89,84.0,Sesuai Ekspektasi,03-08-2026 14:21:00
198401262027111001,PEGAWAI 106,2026-02,84,81,75,87,77,95,82,83.0,Sesuai Ekspektasi,03-08-2026 14:21:00
198007042023121001,PEGAWAI 107,2026-02,78,82,88,70,91,80,85,82.0,Sesuai Ekspektasi,03-08-2026 14:21:00
197801092012042001,PEGAWAI 108,2026-02,81,91,70,93,82,91,79,83.9,Sesuai Ekspektasi,03-08-2026 14:21:00
197608271997082001,PEGAWAI 109,2026-02,75,85,79,90,93,88,86,85.1,Sesuai Ekspektasi,03-08-2026 14:21:00
197504282026011001,PEGAWAI 11,2026-02,73,78,77,75,86,87,74,78.6,Sesuai Ekspektasi,03-08-2026 14:21:00
197705272023041001,PEGAWAI 110,2026-02,78,88,79,90,91,92,81,85.6,Sesuai Ekspektasi,03-08-2026 14:21:00
198610242025051001,PEGAWAI 111,2026-02,85,70,94,88,95,73,85,84.3,Sesuai Ekspektasi,03-08-2026 14:21:00
198609172025041001,PEGAWAI 112,2026-02,72,70,93,70,74,92,75,78.0,Sesuai Ekspektasi,03-08-2026 14:21:00
198611222025061001,PEGAWAI 113,2026-02,71,87,70,80,93,92,91,83.4,Sesuai Ekspektasi,03-08-2026 14:21:00
198011292025051001,PEGAWAI 114,2026-02,74,88,73,81,87,78,75,79.4,Sesuai Ekspektasi,03-08-2026 14:21:00
199904252027051001,PEGAWAI 115,2026-02,79,92,91,93,93,74,87,87.0,Sesuai Ekspektasi,03-08-2026 14:21:00
198411102025031001,PEGAWAI 116,2026-02,80,84,76,85,93,76,80,82.0,Sesuai Ekspektasi,03-08-2026 14:21:00
198901102024051001,PEGAWAI 117,2026-02,70,95,86,95,75,80,83,83.4,Sesuai Ekspektasi,03-08-2026 14:21:00
197910012026071001,PEGAWAI 118,2026-02,72,92,85,92,90,76,79,83.7,Sesuai Ekspektasi,03-08-2026 14:21:00
198905262012022001,PEGAWAI 119,2026-02,82,74,70,90,82,87,75,80.0,Sesuai Ekspektasi,03-08-2026 14:21:00
198410102026081001,PEGAWAI 12,2026-02,86,93,76,88,88,75,80,83.7,Sesuai Ekspektasi,03-08-2026 14:21:00
197312182024051001,PEGAWAI 120,2026-02,75,72,84,81,85,92,73,80.3,Sesuai Ekspektasi,03-08-2026 14:21:00
197211012027112001,PEGAWAI 121,2026-02,86,89,88,85,81,86,83,85.4,Sesuai Ekspektasi,03-08-2026 14:21:00
199112282024102001,PEGAWAI 122,2026-02,79,74,95,71,94,94,74,83.0,Sesuai Ekspektasi,03-08-2026 14:21:00
199610252025012001,PEGAWAI 123,2026-02,85,72,93,75,94,90,93,86.0,Sesuai Ekspektasi,03-08-2026 14:21:00
196807121999061001,PEGAWAI 124,2026-02,75,83,76,90,79,80,88,81.6,Sesuai Ekspektasi,03-08-2026 14:21:00
200102282024041001,PEGAWAI 125,2026-02,74,85,86,77,70,83,94,81.3,Sesuai Ekspektasi,03-08-2026 14:21:00
196809291997031001,PEGAWAI 126,2026-02,70,76,88,84,94,83,92,83.9,Sesuai Ekspektasi,03-08-2026 14:21:00
197209142000011001,PEGAWAI 127,2026-02,82,76,81,70,73,88,88,79.7,Sesuai Ekspektasi,03-08-2026 14:21:00
198704072024011001,PEGAWAI 128,2026-02,90,72,81,85,90,88,72,82.6,Sesuai Ekspektasi,03-08-2026 14:21:00
197511032025021001,PEGAWAI 129,2026-02,75,86,90,80,80,73,73,79.6,Sesuai Ekspektasi,03-08-2026 14:21:00
199405232026081001,PEGAWAI 13,2026-02,77,89,71,88,88,75,86,82.0,Sesuai Ekspektasi,03-08-2026 14:21:00
197604101998081001,PEGAWAI 130,2026-02,87,88,70,85,83,75,88,82.3,Sesuai Ekspektasi,03-08-2026 14:21:00
197308052024081001,PEGAWAI 131,2026-02,84,86,83,73,91,74,93,83.4,Sesuai Ekspektasi,03-08-2026 14:21:00
198403152025011001,PEGAWAI 132,2026-02,74,95,84,94,91,85,71,84.9,Sesuai Ekspektasi,03-08-2026 14:21:00
197908242009031001,PEGAWAI 133,2026-02,76,87,75,95,73,88,83,82.4,Sesuai Ekspektasi,03-08-2026 14:21:00
199602112017111001,PEGAWAI 134,2026-02,86,75,79,88,88,73,92,83.0,Sesuai Ekspektasi,03-08-2026 14:21:00
199107202015011001,PEGAWAI 135,2026-02,89,85,80,73,77,90,75,81.3,Sesuai Ekspektasi,03-08-2026 14:21:00
199905102024101001,PEGAWAI 136,2026-02,88,73,95,77,87,80,70,81.4,Sesuai Ekspektasi,03-08-2026 14:21:00
198003012025061001,PEGAWAI 137,2026-02,70,83,88,71,89,85,74,80.0,Sesuai Ekspektasi,03-08-2026 14:21:00
198804092025081001,PEGAWAI 138,2026-02,88,91,87,76,71,85,90,84.0,Sesuai Ekspektasi,03-08-2026 14:21:00
198601042026021001,PEGAWAI 139,2026-02,87,89,91,77,93,85,94,88.0,Sesuai Ekspektasi,03-08-2026 14:21:00
197005122026091001,PEGAWAI 14,2026-02,78,75,94,73,77,71,86,79.1,Sesuai Ekspektasi,03-08-2026 14:21:00
199512242025041001,PEGAWAI 140,2026-02,85,74,77,94,92,82,79,83.3,Sesuai Ekspektasi,03-08-2026 14:21:00
198601242027111001,PEGAWAI 141,2026-02,78,91,87,86,91,70,92,85.0,Sesuai Ekspektasi,03-08-2026 14:21:00
199203272014031001,PEGAWAI 142,2026-02,74,72,85,82,83,72,91,79.9,Sesuai Ekspektasi,03-08-2026 14:21:00
197805102027062001,PEGAWAI 143,2026-02,81,76,81,82,74,86,80,80.0,Sesuai Ekspektasi,03-08-2026 14:21:00
199608112024032001,PEGAWAI 144,2026-02,86,87,91,86,94,73,75,84.6,Sesuai Ekspektasi,03-08-2026 14:21:00
199709182022092001,PEGAWAI 145,2026-02,71,76,78,91,93,90,90,84.1,Sesuai Ekspektasi,03-08-2026 14:21:00
199702112027112001,PEGAWAI 146,2026-02,72,70,81,92,87,81,83,80.9,Sesuai Ekspektasi,03-08-2026 14:21:00
199709222025122001,PEGAWAI 147,2026-02,78,85,88,89,72,93,84,84.1,Sesuai Ekspektasi,03-08-2026 14:21:00
197301232027042001,PEGAWAI 148,2026-02,70,81,89,80,87,93,78,82.6,Sesuai Ekspektasi,03-08-2026 14:21:00
199406152022112001,PEGAWAI 149,2026-02,95,92,95,89,94,96,92,93.3,Diatas Ekspektasi,03-08-2026 14:21:00
197808272027051001,PEGAWAI 15,2026-02,80,83,71,82,72,79,88,79.3,Sesuai Ekspektasi,03-08-2026 14:21:00
198312192001122001,PEGAWAI 150,2026-02,80,90,83,95,95,80,73,85.1,Sesuai Ekspektasi,03-08-2026 14:21:00
199411112027072001,PEGAWAI 151,2026-02,80,83,80,95,93,88,81,85.7,Sesuai Ekspektasi,03-08-2026 14:21:00
197407302010112001,PEGAWAI 152,2026-02,86,70,83,76,86,79,82,80.3,Sesuai Ekspektasi,03-08-2026 14:21:00
198907192024071001,PEGAWAI 153,2026-02,70,90,80,72,73,91,85,80.1,Sesuai Ekspektasi,03-08-2026 14:21:00
200111162024061001,PEGAWAI 154,2026-02,70,72,71,72,71,70,70,70.9,Dibawah Ekspektasi,03-08-2026 14:21:00
198912212025112001,PEGAWAI 155,2026-02,82,87,84,92,88,88,78,85.6,Sesuai Ekspektasi,03-08-2026 14:21:00
199911272025042001,PEGAWAI 156,2026-02,84,86,70,70,77,79,86,78.9,Sesuai Ekspektasi,03-08-2026 14:21:00
197504022025121001,PEGAWAI 157,2026-02,85,90,76,88,89,76,83,83.9,Sesuai Ekspektasi,03-08-2026 14:21:00
196802221996101001,PEGAWAI 158,2026-02,75,82,80,88,95,81,80,83.0,Sesuai Ekspektasi,03-08-2026 14:21:00
200007012025052001,PEGAWAI 159,2026-02,76,90,73,72,77,91,76,79.3,Sesuai Ekspektasi,03-08-2026 14:21:00
197308252026121001,PEGAWAI 16,2026-02,79,76,89,88,76,77,75,80.0,Sesuai Ekspektasi,03-08-2026 14:21:00
199712192026012001,PEGAWAI 160,2026-02,80,89,76,86,81,76,78,80.9,Sesuai Ekspektasi,03-08-2026 14:21:00
196804061988121001,PEGAWAI 161,2026-02,89,95,92,94,96,90,93,92.7,Diatas Ekspektasi,03-08-2026 14:21:00
199905012024101001,PEGAWAI 162,2026-02,72,90,74,91,91,95,88,85.9,Sesuai Ekspektasi,03-08-2026 14:21:00
199411222023011001,PEGAWAI 163,2026-02,86,90,83,82,88,80,72,83.0,Sesuai Ekspektasi,03-08-2026 14:21:00
199505112026022001,PEGAWAI 164,2026-02,83,91,86,91,83,95,94,89.0,Sesuai Ekspektasi,03-08-2026 14:21:00
199710232023031001,PEGAWAI 165,2026-02,88,72,81,90,77,91,89,84.0,Sesuai Ekspektasi,03-08-2026 14:21:00
200207182024112001,PEGAWAI 166,2026-02,80,91,90,79,76,85,75,82.3,Sesuai Ekspektasi,03-08-2026 14:21:00
199707112026021001,PEGAWAI 167,2026-02,86,72,83,77,93,83,87,83.0,Sesuai Ekspektasi,03-08-2026 14:21:00
199009012024051001,PEGAWAI 168,2026-02,72,84,86,90,84,92,75,83.3,Sesuai Ekspektasi,03-08-2026 14:21:00
199712152021031001,PEGAWAI 169,2026-02,81,71,90,78,76,89,87,81.7,Sesuai Ekspektasi,03-08-2026 14:21:00
199610022023051001,PEGAWAI 17,2026-02,77,79,84,84,85,80,84,81.9,Sesuai Ekspektasi,03-08-2026 14:21:00
200109162026071001,PEGAWAI 170,2026-02,86,75,89,91,74,83,87,83.6,Sesuai Ekspektasi,03-08-2026 14:21:00
199304302026041001,PEGAWAI 171,2026-02,89,86,84,81,79,77,77,81.9,Sesuai Ekspektasi,03-08-2026 14:21:00
197709242025121001,PEGAWAI 172,2026-02,88,74,76,95,86,76,80,82.1,Sesuai Ekspektasi,03-08-2026 14:21:00
199710022025021001,PEGAWAI 173,2026-02,86,75,92,95,70,77,91,83.7,Sesuai Ekspektasi,03-08-2026 14:21:00
198212212024111001,PEGAWAI 174,2026-02,77,76,86,87,79,91,80,82.3,Sesuai Ekspektasi,03-08-2026 14:21:00
199906062024052001,PEGAWAI 175,2026-02,70,95,70,76,86,74,81,78.9,Sesuai Ekspektasi,03-08-2026 14:21:00
200006272027072001,PEGAWAI 176,2026-02,75,77,73,72,74,82,71,74.9,Dibawah Ekspektasi,03-08-2026 14:21:00
198807062010112001,PEGAWAI 177,2026-02,78,79,77,74,85,84,70,78.1,Sesuai Ekspektasi,03-08-2026 14:21:00
199710152020032001,PEGAWAI 178,2026-02,87,75,79,77,91,89,93,84.4,Sesuai Ekspektasi,03-08-2026 14:21:00
199812072025082001,PEGAWAI 179,2026-02,71,74,78,83,84,86,90,80.9,Sesuai Ekspektasi,03-08-2026 14:21:00
199411242018031001,PEGAWAI 18,2026-02,81,76,87,84,78,91,84,83.0,Sesuai Ekspektasi,03-08-2026 14:21:00
196705041997121001,PEGAWAI 180,2026-02,77,83,95,94,75,87,74,83.6,Sesuai Ekspektasi,03-08-2026 14:21:00
197708012001031001,PEGAWAI 181,2026-02,81,93,76,88,89,71,85,83.3,Sesuai Ekspektasi,03-08-2026 14:21:00
197102031994061001,PEGAWAI 182,2026-02,76,95,93,74,87,82,86,84.7,Sesuai Ekspektasi,03-08-2026 14:21:00
199902272024042001,PEGAWAI 183,2026-02,82,72,79,84,89,89,95,84.3,Sesuai Ekspektasi,03-08-2026 14:21:00
197807072025081001,PEGAWAI 184,2026-02,70,95,94,92,94,88,87,88.6,Sesuai Ekspektasi,03-08-2026 14:21:00
197908252026041001,PEGAWAI 185,2026-02,71,93,93,92,95,95,94,90.4,Diatas Ekspektasi,03-08-2026 14:21:00
198211022024122001,PEGAWAI 186,2026-02,74,85,77,78,76,90,95,82.1,Sesuai Ekspektasi,03-08-2026 14:21:00
199405102025011001,PEGAWAI 187,2026-02,85,82,94,76,85,94,72,84.0,Sesuai Ekspektasi,03-08-2026 14:21:00
196703241995021001,PEGAWAI 188,2026-02,86,87,87,83,84,86,86,85.6,Sesuai Ekspektasi,03-08-2026 14:21:00
199403032026042001,PEGAWAI 189,2026-02,70,78,85,79,87,85,77,80.1,Sesuai Ekspektasi,03-08-2026 14:21:00
199707162026051001,PEGAWAI 19,2026-02,86,72,86,84,95,71,93,83.9,Sesuai Ekspektasi,03-08-2026 14:21:00
199301242026122001,PEGAWAI 190,2026-02,89,75,91,71,86,74,79,80.7,Sesuai Ekspektasi,03-08-2026 14:21:00
199601172026122001,PEGAWAI 191,2026-02,90,72,81,73,77,71,89,79.0,Sesuai Ekspektasi,03-08-2026 14:21:00
199612012024062001,PEGAWAI 192,2026-02,77,74,86,82,79,81,78,79.6,Sesuai Ekspektasi,03-08-2026 14:21:00
197509042009091001,PEGAWAI 193,2026-02,85,93,92,77,94,70,76,83.9,Sesuai Ekspektasi,03-08-2026 14:21:00
198909112026121001,PEGAWAI 194,2026-02,79,85,89,83,93,77,77,83.3,Sesuai Ekspektasi,03-08-2026 14:21:00
197502272025072001,PEGAWAI 195,2026-02,87,83,71,90,89,95,81,85.1,Sesuai Ekspektasi,03-08-2026 14:21:00
199306202026012001,PEGAWAI 196,2026-02,73,94,72,72,82,83,86,80.3,Sesuai Ekspektasi,03-08-2026 14:21:00
197209182009082001,PEGAWAI 197,2026-02,90,72,81,79,94,79,81,82.3,Sesuai Ekspektasi,03-08-2026 14:21:00
197005011998022001,PEGAWAI 198,2026-02,87,78,92,88,82,79,84,84.3,Sesuai Ekspektasi,03-08-2026 14:21:00
200011172023052001,PEGAWAI 199,2026-02,82,77,87,71,91,76,77,80.1,Sesuai Ekspektasi,03-08-2026 14:21:00
198506242024011001,PEGAWAI 2,2026-02,81,89,83,91,92,76,81,84.7,Sesuai Ekspektasi,03-08-2026 14:21:00
199805282026122001,PEGAWAI 20,2026-02,89,75,74,74,70,84,89,79.3,Sesuai Ekspektasi,03-08-2026 14:21:00
198204042024081001,PEGAWAI 200,2026-02,94,97,93,96,97,95,94,95.1,Diatas Ekspektasi,03-08-2026 14:21:00
197102142028011001,PEGAWAI 201,2026-02,80,78,94,85,85,75,85,83.1,Sesuai Ekspektasi,03-08-2026 14:21:00
197007141985121001,PEGAWAI 202,2026-02,81,86,77,81,88,89,82,83.4,Sesuai Ekspektasi,03-08-2026 14:21:00
198201012024071001,PEGAWAI 203,2026-02,85,90,85,80,88,95,91,87.7,Sesuai Ekspektasi,03-08-2026 14:21:00
197411212024121001,PEGAWAI 204,2026-02,85,76,78,77,78,90,88,81.7,Sesuai Ekspektasi,03-08-2026 14:21:00
197104092024121001,PEGAWAI 205,2026-02,88,84,95,74,94,82,83,85.7,Sesuai Ekspektasi,03-08-2026 14:21:00
197707212009111001,PEGAWAI 206,2026-02,74,86,77,70,73,82,70,76.0,Sesuai Ekspektasi,03-08-2026 14:21:00
197004031996052001,PEGAWAI 207,2026-02,82,86,86,75,85,85,93,84.6,Sesuai Ekspektasi,03-08-2026 14:21:00
197403192025022001,PEGAWAI 208,2026-02,83,71,95,79,87,72,89,82.3,Sesuai Ekspektasi,03-08-2026 14:21:00
196806031990081001,PEGAWAI 209,2026-02,87,82,94,84,80,78,76,83.0,Sesuai Ekspektasi,03-08-2026 14:21:00
196904171988061001,PEGAWAI 21,2026-02,80,87,71,80,88,81,78,80.7,Sesuai Ekspektasi,03-08-2026 14:21:00
197401102009071001,PEGAWAI 210,2026-02,83,71,93,92,78,89,79,83.6,Sesuai Ekspektasi,03-08-2026 14:21:00
196907041988121001,PEGAWAI 211,2026-02,79,79,93,72,92,91,89,85.0,Sesuai Ekspektasi,03-08-2026 14:21:00
197309202007042001,PEGAWAI 212,2026-02,88,83,82,71,86,85,80,82.1,Sesuai Ekspektasi,03-08-2026 14:21:00
197104191994041001,PEGAWAI 213,2026-02,70,90,74,91,91,87,80,83.3,Sesuai Ekspektasi,03-08-2026 14:21:00
197602042026051001,PEGAWAI 214,2026-02,76,95,84,79,87,77,86,83.4,Sesuai Ekspektasi,03-08-2026 14:21:00
198303142024041001,PEGAWAI 215,2026-02,76,81,81,78,92,88,94,84.3,Sesuai Ekspektasi,03-08-2026 14:21:00
197202101998031001,PEGAWAI 216,2026-02,83,82,87,90,92,77,93,86.3,Sesuai Ekspektasi,03-08-2026 14:21:00
198710292027041001,PEGAWAI 217,2026-02,90,93,72,84,78,81,81,82.7,Sesuai Ekspektasi,03-08-2026 14:21:00
198001192027102001,PEGAWAI 218,2026-02,92,94,95,87,93,92,91,92.0,Diatas Ekspektasi,03-08-2026 14:21:00
197205151997071001,PEGAWAI 219,2026-02,77,83,87,91,86,79,81,83.4,Sesuai Ekspektasi,03-08-2026 14:21:00
200007142023072001,PEGAWAI 22,2026-02,75,82,93,75,79,94,84,83.1,Sesuai Ekspektasi,03-08-2026 14:21:00
197906092025071001,PEGAWAI 220,2026-02,88,91,75,90,94,93,79,87.1,Sesuai Ekspektasi,03-08-2026 14:21:00
197906252026061001,PEGAWAI 221,2026-02,90,93,88,80,79,70,76,82.3,Sesuai Ekspektasi,03-08-2026 14:21:00
197610052023051001,PEGAWAI 222,2026-02,77,75,95,73,73,71,85,78.4,Sesuai Ekspektasi,03-08-2026 14:21:00
198202282026051001,PEGAWAI 223,2026-02,90,84,77,83,87,95,73,84.1,Sesuai Ekspektasi,03-08-2026 14:21:00
197808032025041001,PEGAWAI 224,2026-02,77,78,92,85,91,79,87,84.1,Sesuai Ekspektasi,03-08-2026 14:21:00
199007182015041001,PEGAWAI 225,2026-02,71,83,77,80,95,93,80,82.7,Sesuai Ekspektasi,03-08-2026 14:21:00
196811301992061001,PEGAWAI 226,2026-02,86,88,81,87,73,94,75,83.4,Sesuai Ekspektasi,03-08-2026 14:21:00
199712212026051001,PEGAWAI 227,2026-02,82,83,72,79,93,77,82,81.1,Sesuai Ekspektasi,03-08-2026 14:21:00
198009112026061001,PEGAWAI 228,2026-02,81,94,85,94,78,88,80,85.7,Sesuai Ekspektasi,03-08-2026 14:21:00
199908092021091001,PEGAWAI 229,2026-02,81,87,91,76,70,73,70,78.3,Sesuai Ekspektasi,03-08-2026 14:21:00
197001231995091001,PEGAWAI 23,2026-02,86,87,90,90,78,92,74,85.3,Sesuai Ekspektasi,03-08-2026 14:21:00
197708132026041001,PEGAWAI 230,2026-02,86,71,86,84,77,87,91,83.1,Sesuai Ekspektasi,03-08-2026 14:21:00
199211112022032001,PEGAWAI 231,2026-02,71,92,81,81,92,94,75,83.7,Sesuai Ekspektasi,03-08-2026 14:21:00
197502271997061001,PEGAWAI 232,2026-02,82,74,94,72,95,73,89,82.7,Sesuai Ekspektasi,03-08-2026 14:21:00
199207062025092001,PEGAWAI 233,2026-02,76,81,87,76,86,77,71,79.1,Sesuai Ekspektasi,03-08-2026 14:21:00
196812051998051001,PEGAWAI 234,2026-02,87,92,83,86,84,72,75,82.7,Sesuai Ekspektasi,03-08-2026 14:21:00
197307211994051001,PEGAWAI 235,2026-02,77,75,86,94,90,95,88,86.4,Sesuai Ekspektasi,03-08-2026 14:21:00
196906171998021001,PEGAWAI 236,2026-02,74,81,83,74,94,73,92,81.6,Sesuai Ekspektasi,03-08-2026 14:21:00
197810092025111001,PEGAWAI 237,2026-02,76,81,91,71,92,74,78,80.4,Sesuai Ekspektasi,03-08-2026 14:21:00
199705132026101001,PEGAWAI 238,2026-02,88,80,78,76,79,87,80,81.1,Sesuai Ekspektasi,03-08-2026 14:21:00
199207132024111001,PEGAWAI 239,2026-02,90,95,95,91,70,77,72,84.3,Sesuai Ekspektasi,03-08-2026 14:21:00
199504172022071001,PEGAWAI 24,2026-02,70,93,76,90,82,74,88,81.9,Sesuai Ekspektasi,03-08-2026 14:21:00
196805281988091001,PEGAWAI 240,2026-02,86,77,90,78,88,82,87,84.0,Sesuai Ekspektasi,03-08-2026 14:21:00
200204142024061001,PEGAWAI 241,2026-02,85,93,83,86,94,82,90,87.6,Sesuai Ekspektasi,03-08-2026 14:21:00
199705062024121001,PEGAWAI 242,2026-02,79,76,85,70,72,79,90,78.7,Sesuai Ekspektasi,03-08-2026 14:21:00
199202062025111001,PEGAWAI 243,2026-02,74,83,71,79,78,78,93,79.4,Sesuai Ekspektasi,03-08-2026 14:21:00
197304142007052001,PEGAWAI 244,2026-02,86,83,88,82,83,72,74,81.1,Sesuai Ekspektasi,03-08-2026 14:21:00
198807112009092001,PEGAWAI 245,2026-02,78,71,72,80,93,79,78,78.7,Sesuai Ekspektasi,03-08-2026 14:21:00
197602292010122001,PEGAWAI 246,2026-02,80,88,89,88,81,95,91,87.4,Sesuai Ekspektasi,03-08-2026 14:21:00
198607182026021001,PEGAWAI 247,2026-02,84,82,73,90,77,87,91,83.4,Sesuai Ekspektasi,03-08-2026 14:21:00
199202032024061001,PEGAWAI 248,2026-02,84,74,89,78,86,79,73,80.4,Sesuai Ekspektasi,03-08-2026 14:21:00
197002211996061001,PEGAWAI 249,2026-02,82,70,92,72,92,81,92,83.0,Sesuai Ekspektasi,03-08-2026 14:21:00
200004012023042001,PEGAWAI 25,2026-02,78,72,95,81,87,82,82,82.4,Sesuai Ekspektasi,03-08-2026 14:21:00
199302192013072001,PEGAWAI 250,2026-02,86,75,71,80,72,78,77,77.0,Sesuai Ekspektasi,03-08-2026 14:21:00
199007052026042001,PEGAWAI 26,2026-02,75,73,71,93,82,73,91,79.7,Sesuai Ekspektasi,03-08-2026 14:21:00
197407072010042001,PEGAWAI 27,2026-02,77,85,78,87,77,77,81,80.3,Sesuai Ekspektasi,03-08-2026 14:21:00
196703211999081001,PEGAWAI 28,2026-02,90,88,79,78,92,95,70,84.6,Sesuai Ekspektasi,03-08-2026 14:21:00
199510282017052001,PEGAWAI 29,2026-02,72,78,73,71,73,80,75,74.6,Dibawah Ekspektasi,03-08-2026 14:21:00
199309052025111001,PEGAWAI 3,2026-02,81,79,78,79,92,82,90,83.0,Sesuai Ekspektasi,03-08-2026 14:21:00
200009252026081001,PEGAWAI 30,2026-02,79,94,91,85,77,82,70,82.6,Sesuai Ekspektasi,03-08-2026 14:21:00
197902112016041001,PEGAWAI 31,2026-02,71,72,83,89,91,79,74,79.9,Sesuai Ekspektasi,03-08-2026 14:21:00
197408212026051001,PEGAWAI 32,2026-02,86,84,70,88,92,94,83,85.3,Sesuai Ekspektasi,03-08-2026 14:21:00
199312022025061001,PEGAWAI 33,2026-02,81,73,72,70,81,81,89,78.1,Sesuai Ekspektasi,03-08-2026 14:21:00
199802092022051001,PEGAWAI 34,2026-02,83,95,79,81,77,79,85,82.7,Sesuai Ekspektasi,03-08-2026 14:21:00
197907192027091001,PEGAWAI 35,2026-02,80,93,70,73,82,82,80,80.0,Sesuai Ekspektasi,03-08-2026 14:21:00
196706011999021001,PEGAWAI 36,2026-02,84,95,91,92,89,83,78,87.4,Sesuai Ekspektasi,03-08-2026 14:21:00
198311132026121001,PEGAWAI 37,2026-02,88,89,72,70,77,90,78,80.6,Sesuai Ekspektasi,03-08-2026 14:21:00
197611302024091001,PEGAWAI 38,2026-02,76,71,93,85,75,73,71,77.7,Sesuai Ekspektasi,03-08-2026 14:21:00
199511092023012001,PEGAWAI 39,2026-02,71,73,93,82,77,80,83,79.9,Sesuai Ekspektasi,03-08-2026 14:21:00
199302282027111001,PEGAWAI 4,2026-02,75,78,86,81,91,92,70,81.9,Sesuai Ekspektasi,03-08-2026 14:21:00
199606152023062001,PEGAWAI 40,2026-02,82,75,74,78,85,86,77,79.6,Sesuai Ekspektasi,03-08-2026 14:21:00
199602042026041001,PEGAWAI 41,2026-02,86,73,87,84,73,79,76,79.7,Sesuai Ekspektasi,03-08-2026 14:21:00
198703262009081001,PEGAWAI 42,2026-02,79,93,91,91,93,71,72,84.3,Sesuai Ekspektasi,03-08-2026 14:21:00
197509132027031001,PEGAWAI 43,2026-02,73,80,93,80,95,83,77,83.0,Sesuai Ekspektasi,03-08-2026 14:21:00
200112292024011001,PEGAWAI 44,2026-02,70,90,90,90,92,90,88,87.1,Sesuai Ekspektasi,03-08-2026 14:21:00
199710182025112001,PEGAWAI 45,2026-02,73,92,81,92,90,93,85,86.6,Sesuai Ekspektasi,03-08-2026 14:21:00
198804282024031001,PEGAWAI 46,2026-02,79,71,94,87,87,73,84,82.1,Sesuai Ekspektasi,03-08-2026 14:21:00
199809052024081001,PEGAWAI 47,2026-02,89,92,88,80,93,82,87,87.3,Sesuai Ekspektasi,03-08-2026 14:21:00
198512162009122001,PEGAWAI 48,2026-02,87,78,73,86,82,87,88,83.0,Sesuai Ekspektasi,03-08-2026 14:21:00
198304082024101001,PEGAWAI 49,2026-02,84,90,93,81,79,72,84,83.3,Sesuai Ekspektasi,03-08-2026 14:21:00
196908311989051001,PEGAWAI 5,2026-02,88,84,90,93,76,80,89,85.7,Sesuai Ekspektasi,03-08-2026 14:21:00
200203142025051001,PEGAWAI 50,2026-02,80,93,75,91,72,93,82,83.7,Sesuai Ekspektasi,03-08-2026 14:21:00
199211072027091001,PEGAWAI 51,2026-02,74,72,95,75,83,87,76,80.3,Sesuai Ekspektasi,03-08-2026 14:21:00
199906162024101001,PEGAWAI 52,2026-02,75,87,83,76,70,71,95,79.6,Sesuai Ekspektasi,03-08-2026 14:21:00
199806252027041001,PEGAWAI 53,2026-02,82,84,87,80,78,85,74,81.4,Sesuai Ekspektasi,03-08-2026 14:21:00
199204242016121001,PEGAWAI 54,2026-02,86,85,71,89,87,86,83,83.9,Sesuai Ekspektasi,03-08-2026 14:21:00
197202022024051001,PEGAWAI 55,2026-02,81,83,75,84,84,89,75,81.6,Sesuai Ekspektasi,03-08-2026 14:21:00
197209041999011001,PEGAWAI 56,2026-02,77,87,76,84,81,85,82,81.7,Sesuai Ekspektasi,03-08-2026 14:21:00
198901292027011001,PEGAWAI 57,2026-02,72,85,82,85,78,76,70,78.3,Sesuai Ekspektasi,03-08-2026 14:21:00
198110312024051001,PEGAWAI 58,2026-02,85,92,91,84,73,92,79,85.1,Sesuai Ekspektasi,03-08-2026 14:21:00
199904262025092001,PEGAWAI 59,2026-02,80,90,92,70,82,94,83,84.4,Sesuai Ekspektasi,03-08-2026 14:21:00
197110152025031001,PEGAWAI 6,2026-02,87,72,92,71,70,81,86,79.9,Sesuai Ekspektasi,03-08-2026 14:21:00
196911101996022001,PEGAWAI 60,2026-02,81,82,82,88,80,84,72,81.3,Sesuai Ekspektasi,03-08-2026 14:21:00
198101052016061001,PEGAWAI 61,2026-02,77,86,88,91,81,92,86,85.9,Sesuai Ekspektasi,03-08-2026 14:21:00
197609212026011001,PEGAWAI 62,2026-02,89,72,71,83,72,89,95,81.6,Sesuai Ekspektasi,03-08-2026 14:21:00
198505122026101001,PEGAWAI 63,2026-02,71,70,70,72,72,70,69,70.6,Dibawah Ekspektasi,03-08-2026 14:21:00
200306192024121001,PEGAWAI 64,2026-02,88,76,87,74,76,93,88,83.1,Sesuai Ekspektasi,03-08-2026 14:21:00
199711142024012001,PEGAWAI 65,2026-02,81,84,75,73,81,71,79,77.7,Sesuai Ekspektasi,03-08-2026 14:21:00
199502192024012001,PEGAWAI 66,2026-02,71,80,92,92,84,74,70,80.4,Sesuai Ekspektasi,03-08-2026 14:21:00
197907072024062001,PEGAWAI 67,2026-02,74,78,92,73,92,83,79,81.6,Sesuai Ekspektasi,03-08-2026 14:21:00
198206082026111001,PEGAWAI 68,2026-02,87,86,80,93,82,70,87,83.6,Sesuai Ekspektasi,03-08-2026 14:21:00
197604211999042001,PEGAWAI 69,2026-02,88,91,95,74,89,80,94,87.3,Sesuai Ekspektasi,03-08-2026 14:21:00
197712122024041001,PEGAWAI 7,2026-02,77,92,71,84,90,76,85,82.1,Sesuai Ekspektasi,03-08-2026 14:21:00
199009092012091001,PEGAWAI 70,2026-02,94,92,94,97,85,88,90,91.4,Diatas Ekspektasi,03-08-2026 14:21:00
199207292025031001,PEGAWAI 71,2026-02,89,90,70,78,85,95,87,84.9,Sesuai Ekspektasi,03-08-2026 14:21:00
199405252026092001,PEGAWAI 72,2026-02,70,91,75,89,72,74,89,80.0,Sesuai Ekspektasi,03-08-2026 14:21:00
200104282024022001,PEGAWAI 73,2026-02,80,90,95,81,85,86,77,84.9,Sesuai Ekspektasi,03-08-2026 14:21:00
199509262026081001,PEGAWAI 74,2026-02,78,80,80,86,91,92,92,85.6,Sesuai Ekspektasi,03-08-2026 14:21:00
197405021997021001,PEGAWAI 75,2026-02,75,90,89,73,95,95,73,84.3,Sesuai Ekspektasi,03-08-2026 14:21:00
198406302024051001,PEGAWAI 76,2026-02,90,77,83,77,71,82,70,78.6,Sesuai Ekspektasi,03-08-2026 14:21:00
197510172010012001,PEGAWAI 77,2026-02,73,71,82,74,78,93,87,79.7,Sesuai Ekspektasi,03-08-2026 14:21:00
197806042008041001,PEGAWAI 78,2026-02,77,78,79,86,70,70,87,78.1,Sesuai Ekspektasi,03-08-2026 14:21:00
198610032010031001,PEGAWAI 79,2026-02,90,75,93,75,87,95,77,84.6,Sesuai Ekspektasi,03-08-2026 14:21:00
200409252024091001,PEGAWAI 8,2026-02,82,79,94,94,81,73,94,85.3,Sesuai Ekspektasi,03-08-2026 14:21:00
197105162024081001,PEGAWAI 80,2026-02,76,81,79,83,82,88,77,80.9,Sesuai Ekspektasi,03-08-2026 14:21:00
199206052023081001,PEGAWAI 81,2026-02,88,87,80,75,83,75,83,81.6,Sesuai Ekspektasi,03-08-2026 14:21:00
199707032025072001,PEGAWAI 82,2026-02,84,85,89,74,76,88,93,84.1,Sesuai Ekspektasi,03-08-2026 14:21:00
199211022017021001,PEGAWAI 83,2026-02,84,73,87,74,70,85,89,80.3,Sesuai Ekspektasi,03-08-2026 14:21:00
199303022027022001,PEGAWAI 84,2026-02,79,84,75,89,73,86,91,82.4,Sesuai Ekspektasi,03-08-2026 14:21:00
197308181996122001,PEGAWAI 85,2026-02,88,95,71,88,85,74,73,82.0,Sesuai Ekspektasi,03-08-2026 14:21:00
199907092025121001,PEGAWAI 86,2026-02,77,71,90,87,94,84,72,82.1,Sesuai Ekspektasi,03-08-2026 14:21:00
199603072024071001,PEGAWAI 87,2026-02,87,80,95,78,91,76,86,84.7,Sesuai Ekspektasi,03-08-2026 14:21:00
199705172021121001,PEGAWAI 88,2026-02,85,75,93,83,77,93,79,83.6,Sesuai Ekspektasi,03-08-2026 14:21:00
199208022018051001,PEGAWAI 89,2026-02,79,88,95,71,73,86,91,83.3,Sesuai Ekspektasi,03-08-2026 14:21:00
199811082026012001,PEGAWAI 9,2026-02,83,85,93,85,94,87,81,86.9,Sesuai Ekspektasi,03-08-2026 14:21:00
197008102026011001,PEGAWAI 90,2026-02,70,90,77,90,83,75,78,80.4,Sesuai Ekspektasi,03-08-2026 14:21:00
197802232023071001,PEGAWAI 91,2026-02,88,85,72,76,86,91,72,81.4,Sesuai Ekspektasi,03-08-2026 14:21:00
199702232025072001,PEGAWAI 92,2026-02,85,80,73,85,82,87,70,80.3,Sesuai Ekspektasi,03-08-2026 14:21:00
199211142025102001,PEGAWAI 93,2026-02,75,70,78,80,79,87,84,79.0,Sesuai Ekspektasi,03-08-2026 14:21:00
199511092024041001,PEGAWAI 94,2026-02,76,93,76,84,95,74,70,81.1,Sesuai Ekspektasi,03-08-2026 14:21:00
197603292007082001,PEGAWAI 95,2026-02,77,78,82,86,82,76,71,78.9,Sesuai Ekspektasi,03-08-2026 14:21:00
198002292026032001,PEGAWAI 96,2026-02,86,77,77,92,77,87,82,82.6,Sesuai Ekspektasi,03-08-2026 14:21:00
197012012000021001,PEGAWAI 97,2026-02,85,77,71,80,77,82,94,80.9,Sesuai Ekspektasi,03-08-2026 14:21:00
199906232027032001,PEGAWAI 98,2026-02,70,91,79,87,71,89,77,80.6,Sesuai Ekspektasi,03-08-2026 14:21:00
198408022010081001,PEGAWAI 99,2026-02,98,93,90,92,94,95,92,93.4,Diatas Ekspektasi,03-08-2026 14:21:00
197110022025071001,PEGAWAI 1,2026-03,72,93,80,71,77,90,95,82.6,Sesuai Ekspektasi,03-08-2026 14:21:00
198103082027061001,PEGAWAI 10,2026-03,90,74,81,72,90,77,95,82.7,Sesuai Ekspektasi,03-08-2026 14:21:00
197505052025011001,PEGAWAI 100,2026-03,75,79,79,81,74,71,76,76.4,Sesuai Ekspektasi,03-08-2026 14:21:00
198602132024061001,PEGAWAI 101,2026-03,91,75,94,87,95,90,93,89.3,Sesuai Ekspektasi,03-08-2026 14:21:00
199201312026042001,PEGAWAI 102,2026-03,81,80,72,87,80,77,89,80.9,Sesuai Ekspektasi,03-08-2026 14:21:00
200301022024032001,PEGAWAI 103,2026-03,92,85,87,76,94,85,81,85.7,Sesuai Ekspektasi,03-08-2026 14:21:00
200103242025062001,PEGAWAI 104,2026-03,77,95,89,92,89,76,77,85.0,Sesuai Ekspektasi,03-08-2026 14:21:00
197709292026091001,PEGAWAI 105,2026-03,71,80,77,72,87,95,92,82.0,Sesuai Ekspektasi,03-08-2026 14:21:00
198401262027111001,PEGAWAI 106,2026-03,72,76,83,75,92,77,84,79.9,Sesuai Ekspektasi,03-08-2026 14:21:00
198007042023121001,PEGAWAI 107,2026-03,91,92,73,85,71,72,74,79.7,Sesuai Ekspektasi,03-08-2026 14:21:00
197801092012042001,PEGAWAI 108,2026-03,90,84,72,71,91,85,93,83.7,Sesuai Ekspektasi,03-08-2026 14:21:00
197608271997082001,PEGAWAI 109,2026-03,81,94,74,81,83,89,87,84.1,Sesuai Ekspektasi,03-08-2026 14:21:00
197504282026011001,PEGAWAI 11,2026-03,88,90,89,73,95,78,89,86.0,Sesuai Ekspektasi,03-08-2026 14:21:00
197705272023041001,PEGAWAI 110,2026-03,73,89,92,90,95,76,81,85.1,Sesuai Ekspektasi,03-08-2026 14:21:00
198610242025051001,PEGAWAI 111,2026-03,74,77,81,76,93,78,89,81.1,Sesuai Ekspektasi,03-08-2026 14:21:00
198609172025041001,PEGAWAI 112,2026-03,85,83,95,90,91,79,82,86.4,Sesuai Ekspektasi,03-08-2026 14:21:00
198611222025061001,PEGAWAI 113,2026-03,83,88,86,83,85,90,73,84.0,Sesuai Ekspektasi,03-08-2026 14:21:00
198011292025051001,PEGAWAI 114,2026-03,80,93,95,78,77,91,93,86.7,Sesuai Ekspektasi,03-08-2026 14:21:00
199904252027051001,PEGAWAI 115,2026-03,88,75,77,73,89,94,85,83.0,Sesuai Ekspektasi,03-08-2026 14:21:00
198411102025031001,PEGAWAI 116,2026-03,92,88,77,79,92,72,77,82.4,Sesuai Ekspektasi,03-08-2026 14:21:00
198901102024051001,PEGAWAI 117,2026-03,90,81,83,89,71,79,89,83.1,Sesuai Ekspektasi,03-08-2026 14:21:00
197910012026071001,PEGAWAI 118,2026-03,79,95,71,75,86,71,92,81.3,Sesuai Ekspektasi,03-08-2026 14:21:00
198905262012022001,PEGAWAI 119,2026-03,70,88,94,87,95,91,75,85.7,Sesuai Ekspektasi,03-08-2026 14:21:00
198410102026081001,PEGAWAI 12,2026-03,83,83,78,73,94,83,85,82.7,Sesuai Ekspektasi,03-08-2026 14:21:00
197312182024051001,PEGAWAI 120,2026-03,80,78,94,90,80,84,73,82.7,Sesuai Ekspektasi,03-08-2026 14:21:00
197211012027112001,PEGAWAI 121,2026-03,79,81,72,78,77,83,70,77.1,Sesuai Ekspektasi,03-08-2026 14:21:00
199112282024102001,PEGAWAI 122,2026-03,79,70,73,88,86,83,72,78.7,Sesuai Ekspektasi,03-08-2026 14:21:00
199610252025012001,PEGAWAI 123,2026-03,93,91,87,89,87,83,86,88.0,Sesuai Ekspektasi,03-08-2026 14:21:00
196807121999061001,PEGAWAI 124,2026-03,81,92,85,95,88,89,77,86.7,Sesuai Ekspektasi,03-08-2026 14:21:00
200102282024041001,PEGAWAI 125,2026-03,87,73,81,78,85,83,91,82.6,Sesuai Ekspektasi,03-08-2026 14:21:00
196809291997031001,PEGAWAI 126,2026-03,77,91,93,92,74,72,75,82.0,Sesuai Ekspektasi,03-08-2026 14:21:00
197209142000011001,PEGAWAI 127,2026-03,72,74,82,93,89,95,84,84.1,Sesuai Ekspektasi,03-08-2026 14:21:00
198704072024011001,PEGAWAI 128,2026-03,77,87,78,91,76,84,76,81.3,Sesuai Ekspektasi,03-08-2026 14:21:00
197511032025021001,PEGAWAI 129,2026-03,91,71,86,74,84,84,84,82.0,Sesuai Ekspektasi,03-08-2026 14:21:00
199405232026081001,PEGAWAI 13,2026-03,83,73,92,74,71,79,89,80.1,Sesuai Ekspektasi,03-08-2026 14:21:00
197604101998081001,PEGAWAI 130,2026-03,75,76,92,80,77,72,70,77.4,Sesuai Ekspektasi,03-08-2026 14:21:00
197308052024081001,PEGAWAI 131,2026-03,86,75,95,92,85,71,82,83.7,Sesuai Ekspektasi,03-08-2026 14:21:00
198403152025011001,PEGAWAI 132,2026-03,78,95,97,93,91,96,92,91.7,Diatas Ekspektasi,03-08-2026 14:21:00
197908242009031001,PEGAWAI 133,2026-03,80,88,70,90,82,83,71,80.6,Sesuai Ekspektasi,03-08-2026 14:21:00
199602112017111001,PEGAWAI 134,2026-03,86,79,81,79,78,85,87,82.1,Sesuai Ekspektasi,03-08-2026 14:21:00
199107202015011001,PEGAWAI 135,2026-03,85,70,94,86,84,72,81,81.7,Sesuai Ekspektasi,03-08-2026 14:21:00
199905102024101001,PEGAWAI 136,2026-03,90,77,80,92,88,85,72,83.4,Sesuai Ekspektasi,03-08-2026 14:21:00
198003012025061001,PEGAWAI 137,2026-03,83,92,91,88,90,74,92,87.1,Sesuai Ekspektasi,03-08-2026 14:21:00
198804092025081001,PEGAWAI 138,2026-03,95,83,94,70,88,90,85,86.4,Sesuai Ekspektasi,03-08-2026 14:21:00
198601042026021001,PEGAWAI 139,2026-03,81,76,91,89,74,91,70,81.7,Sesuai Ekspektasi,03-08-2026 14:21:00
197005122026091001,PEGAWAI 14,2026-03,88,74,90,87,71,70,89,81.3,Sesuai Ekspektasi,03-08-2026 14:21:00
199512242025041001,PEGAWAI 140,2026-03,77,72,86,84,85,83,94,83.0,Sesuai Ekspektasi,03-08-2026 14:21:00
198601242027111001,PEGAWAI 141,2026-03,70,84,84,85,80,91,71,80.7,Sesuai Ekspektasi,03-08-2026 14:21:00
199203272014031001,PEGAWAI 142,2026-03,86,84,80,71,83,79,77,80.0,Sesuai Ekspektasi,03-08-2026 14:21:00
197805102027062001,PEGAWAI 143,2026-03,92,83,80,72,88,85,81,83.0,Sesuai Ekspektasi,03-08-2026 14:21:00
199608112024032001,PEGAWAI 144,2026-03,71,71,90,87,86,84,86,82.1,Sesuai Ekspektasi,03-08-2026 14:21:00
199709182022092001,PEGAWAI 145,2026-03,79,81,70,77,91,76,93,81.0,Sesuai Ekspektasi,03-08-2026 14:21:00
199702112027112001,PEGAWAI 146,2026-03,77,72,73,86,85,82,81,79.4,Sesuai Ekspektasi,03-08-2026 14:21:00
199709222025122001,PEGAWAI 147,2026-03,92,73,95,76,92,84,74,83.7,Sesuai Ekspektasi,03-08-2026 14:21:00
197301232027042001,PEGAWAI 148,2026-03,92,77,78,73,76,89,87,81.7,Sesuai Ekspektasi,03-08-2026 14:21:00
199406152022112001,PEGAWAI 149,2026-03,97,92,94,95,94,92,84,92.6,Diatas Ekspektasi,03-08-2026 14:21:00
197808272027051001,PEGAWAI 15,2026-03,88,77,88,74,85,85,80,82.4,Sesuai Ekspektasi,03-08-2026 14:21:00
198312192001122001,PEGAWAI 150,2026-03,80,79,87,91,81,76,75,81.3,Sesuai Ekspektasi,03-08-2026 14:21:00
199411112027072001,PEGAWAI 151,2026-03,90,87,79,88,78,74,82,82.6,Sesuai Ekspektasi,03-08-2026 14:21:00
197407302010112001,PEGAWAI 152,2026-03,71,75,72,76,83,91,79,78.1,Sesuai Ekspektasi,03-08-2026 14:21:00
198907192024071001,PEGAWAI 153,2026-03,81,89,85,82,84,80,90,84.4,Sesuai Ekspektasi,03-08-2026 14:21:00
200111162024061001,PEGAWAI 154,2026-03,71,69,72,70,72,70,72,70.9,Dibawah Ekspektasi,03-08-2026 14:21:00
198912212025112001,PEGAWAI 155,2026-03,93,90,85,81,71,70,75,80.7,Sesuai Ekspektasi,03-08-2026 14:21:00
199911272025042001,PEGAWAI 156,2026-03,78,70,79,91,84,91,81,82.0,Sesuai Ekspektasi,03-08-2026 14:21:00
197504022025121001,PEGAWAI 157,2026-03,76,80,70,93,82,81,80,80.3,Sesuai Ekspektasi,03-08-2026 14:21:00
196802221996101001,PEGAWAI 158,2026-03,72,75,75,72,76,90,74,76.3,Sesuai Ekspektasi,03-08-2026 14:21:00
200007012025052001,PEGAWAI 159,2026-03,95,78,77,79,90,83,88,84.3,Sesuai Ekspektasi,03-08-2026 14:21:00
197308252026121001,PEGAWAI 16,2026-03,92,91,87,92,75,89,71,85.3,Sesuai Ekspektasi,03-08-2026 14:21:00
199712192026012001,PEGAWAI 160,2026-03,81,83,73,84,95,87,84,83.9,Sesuai Ekspektasi,03-08-2026 14:21:00
196804061988121001,PEGAWAI 161,2026-03,96,91,94,93,94,92,93,93.3,Diatas Ekspektasi,03-08-2026 14:21:00
199905012024101001,PEGAWAI 162,2026-03,77,76,76,72,80,89,86,79.4,Sesuai Ekspektasi,03-08-2026 14:21:00
199411222023011001,PEGAWAI 163,2026-03,82,75,91,83,89,83,83,83.7,Sesuai Ekspektasi,03-08-2026 14:21:00
199505112026022001,PEGAWAI 164,2026-03,82,74,93,82,94,71,81,82.4,Sesuai Ekspektasi,03-08-2026 14:21:00
199710232023031001,PEGAWAI 165,2026-03,86,79,82,95,81,75,89,83.9,Sesuai Ekspektasi,03-08-2026 14:21:00
200207182024112001,PEGAWAI 166,2026-03,71,70,80,89,82,88,78,79.7,Sesuai Ekspektasi,03-08-2026 14:21:00
199707112026021001,PEGAWAI 167,2026-03,93,95,72,90,76,84,75,83.6,Sesuai Ekspektasi,03-08-2026 14:21:00
199009012024051001,PEGAWAI 168,2026-03,74,95,86,78,94,93,75,85.0,Sesuai Ekspektasi,03-08-2026 14:21:00
199712152021031001,PEGAWAI 169,2026-03,73,76,76,85,93,80,71,79.1,Sesuai Ekspektasi,03-08-2026 14:21:00
199610022023051001,PEGAWAI 17,2026-03,76,81,85,93,71,75,82,80.4,Sesuai Ekspektasi,03-08-2026 14:21:00
200109162026071001,PEGAWAI 170,2026-03,70,94,85,71,94,78,91,83.3,Sesuai Ekspektasi,03-08-2026 14:21:00
199304302026041001,PEGAWAI 171,2026-03,80,72,94,79,76,93,73,81.0,Sesuai Ekspektasi,03-08-2026 14:21:00
197709242025121001,PEGAWAI 172,2026-03,92,97,93,92,85,93,95,92.4,Diatas Ekspektasi,03-08-2026 14:21:00
199710022025021001,PEGAWAI 173,2026-03,76,77,78,72,75,83,82,77.6,Sesuai Ekspektasi,03-08-2026 14:21:00
198212212024111001,PEGAWAI 174,2026-03,76,73,82,87,89,89,83,82.7,Sesuai Ekspektasi,03-08-2026 14:21:00
199906062024052001,PEGAWAI 175,2026-03,74,94,75,78,86,83,72,80.3,Sesuai Ekspektasi,03-08-2026 14:21:00
200006272027072001,PEGAWAI 176,2026-03,70,93,87,70,94,74,93,83.0,Sesuai Ekspektasi,03-08-2026 14:21:00
198807062010112001,PEGAWAI 177,2026-03,72,75,87,87,93,78,94,83.7,Sesuai Ekspektasi,03-08-2026 14:21:00
199710152020032001,PEGAWAI 178,2026-03,90,76,80,70,85,79,89,81.3,Sesuai Ekspektasi,03-08-2026 14:21:00
199812072025082001,PEGAWAI 179,2026-03,84,77,86,87,83,80,80,82.4,Sesuai Ekspektasi,03-08-2026 14:21:00
199411242018031001,PEGAWAI 18,2026-03,91,93,95,85,76,80,86,86.6,Sesuai Ekspektasi,03-08-2026 14:21:00
196705041997121001,PEGAWAI 180,2026-03,74,93,88,74,81,74,94,82.6,Sesuai Ekspektasi,03-08-2026 14:21:00
197708012001031001,PEGAWAI 181,2026-03,72,76,94,74,82,73,76,78.1,Sesuai Ekspektasi,03-08-2026 14:21:00
197102031994061001,PEGAWAI 182,2026-03,76,93,71,74,75,79,82,78.6,Sesuai Ekspektasi,03-08-2026 14:21:00
199902272024042001,PEGAWAI 183,2026-03,87,78,95,82,90,89,78,85.6,Sesuai Ekspektasi,03-08-2026 14:21:00
197807072025081001,PEGAWAI 184,2026-03,84,91,77,95,89,92,94,88.9,Sesuai Ekspektasi,03-08-2026 14:21:00
197908252026041001,PEGAWAI 185,2026-03,84,89,89,74,88,76,93,84.7,Sesuai Ekspektasi,03-08-2026 14:21:00
198211022024122001,PEGAWAI 186,2026-03,86,95,83,72,74,95,80,83.6,Sesuai Ekspektasi,03-08-2026 14:21:00
199405102025011001,PEGAWAI 187,2026-03,72,87,76,77,90,90,85,82.4,Sesuai Ekspektasi,03-08-2026 14:21:00
196703241995021001,PEGAWAI 188,2026-03,84,85,93,92,94,74,84,86.6,Sesuai Ekspektasi,03-08-2026 14:21:00
199403032026042001,PEGAWAI 189,2026-03,84,72,72,72,87,91,95,81.9,Sesuai Ekspektasi,03-08-2026 14:21:00
199707162026051001,PEGAWAI 19,2026-03,94,78,76,93,81,93,72,83.9,Sesuai Ekspektasi,03-08-2026 14:21:00
199301242026122001,PEGAWAI 190,2026-03,79,89,71,87,90,94,91,85.9,Sesuai Ekspektasi,03-08-2026 14:21:00
199601172026122001,PEGAWAI 191,2026-03,90,86,94,74,79,87,70,82.9,Sesuai Ekspektasi,03-08-2026 14:21:00
199612012024062001,PEGAWAI 192,2026-03,93,92,89,80,92,75,77,85.4,Sesuai Ekspektasi,03-08-2026 14:21:00
197509042009091001,PEGAWAI 193,2026-03,82,83,89,83,88,82,81,84.0,Sesuai Ekspektasi,03-08-2026 14:21:00
198909112026121001,PEGAWAI 194,2026-03,80,73,80,84,83,80,71,78.7,Sesuai Ekspektasi,03-08-2026 14:21:00
197502272025072001,PEGAWAI 195,2026-03,71,93,86,95,85,79,88,85.3,Sesuai Ekspektasi,03-08-2026 14:21:00
199306202026012001,PEGAWAI 196,2026-03,77,77,94,86,80,90,93,85.3,Sesuai Ekspektasi,03-08-2026 14:21:00
197209182009082001,PEGAWAI 197,2026-03,72,92,82,91,75,71,78,80.1,Sesuai Ekspektasi,03-08-2026 14:21:00
197005011998022001,PEGAWAI 198,2026-03,73,95,93,76,93,73,90,84.7,Sesuai Ekspektasi,03-08-2026 14:21:00
200011172023052001,PEGAWAI 199,2026-03,92,90,95,90,90,81,86,89.1,Sesuai Ekspektasi,03-08-2026 14:21:00
198506242024011001,PEGAWAI 2,2026-03,78,91,86,94,77,80,72,82.6,Sesuai Ekspektasi,03-08-2026 14:21:00
199805282026122001,PEGAWAI 20,2026-03,71,86,86,79,75,95,84,82.3,Sesuai Ekspektasi,03-08-2026 14:21:00
198204042024081001,PEGAWAI 200,2026-03,94,93,91,92,90,92,94,92.3,Diatas Ekspektasi,03-08-2026 14:21:00
197102142028011001,PEGAWAI 201,2026-03,72,75,85,90,75,82,94,81.9,Sesuai Ekspektasi,03-08-2026 14:21:00
197007141985121001,PEGAWAI 202,2026-03,88,70,72,76,80,83,75,77.7,Sesuai Ekspektasi,03-08-2026 14:21:00
198201012024071001,PEGAWAI 203,2026-03,77,70,72,85,95,86,82,81.0,Sesuai Ekspektasi,03-08-2026 14:21:00
197411212024121001,PEGAWAI 204,2026-03,80,79,85,77,75,87,80,80.4,Sesuai Ekspektasi,03-08-2026 14:21:00
197104092024121001,PEGAWAI 205,2026-03,70,85,73,80,79,70,80,76.7,Sesuai Ekspektasi,03-08-2026 14:21:00
197707212009111001,PEGAWAI 206,2026-03,73,94,77,85,90,74,80,81.9,Sesuai Ekspektasi,03-08-2026 14:21:00
197004031996052001,PEGAWAI 207,2026-03,88,72,81,81,78,83,83,80.9,Sesuai Ekspektasi,03-08-2026 14:21:00
197403192025022001,PEGAWAI 208,2026-03,77,82,92,77,73,70,93,80.6,Sesuai Ekspektasi,03-08-2026 14:21:00
196806031990081001,PEGAWAI 209,2026-03,78,75,77,92,70,86,73,78.7,Sesuai Ekspektasi,03-08-2026 14:21:00
196904171988061001,PEGAWAI 21,2026-03,94,81,70,75,86,95,91,84.6,Sesuai Ekspektasi,03-08-2026 14:21:00
197401102009071001,PEGAWAI 210,2026-03,89,79,74,81,77,79,83,80.3,Sesuai Ekspektasi,03-08-2026 14:21:00
196907041988121001,PEGAWAI 211,2026-03,79,92,92,78,87,72,86,83.7,Sesuai Ekspektasi,03-08-2026 14:21:00
197309202007042001,PEGAWAI 212,2026-03,90,88,91,93,88,70,82,86.0,Sesuai Ekspektasi,03-08-2026 14:21:00
197104191994041001,PEGAWAI 213,2026-03,92,70,94,94,80,79,75,83.4,Sesuai Ekspektasi,03-08-2026 14:21:00
197602042026051001,PEGAWAI 214,2026-03,83,78,94,80,84,85,87,84.4,Sesuai Ekspektasi,03-08-2026 14:21:00
198303142024041001,PEGAWAI 215,2026-03,84,95,89,82,95,80,95,88.6,Sesuai Ekspektasi,03-08-2026 14:21:00
197202101998031001,PEGAWAI 216,2026-03,81,70,89,89,88,91,77,83.6,Sesuai Ekspektasi,03-08-2026 14:21:00
198710292027041001,PEGAWAI 217,2026-03,92,71,89,70,87,77,89,82.1,Sesuai Ekspektasi,03-08-2026 14:21:00
198001192027102001,PEGAWAI 218,2026-03,93,95,90,94,91,93,92,92.6,Diatas Ekspektasi,03-08-2026 14:21:00
197205151997071001,PEGAWAI 219,2026-03,72,79,91,71,88,80,79,80.0,Sesuai Ekspektasi,03-08-2026 14:21:00
200007142023072001,PEGAWAI 22,2026-03,71,93,71,87,95,92,80,84.1,Sesuai Ekspektasi,03-08-2026 14:21:00
197906092025071001,PEGAWAI 220,2026-03,70,71,71,80,78,90,71,75.9,Sesuai Ekspektasi,03-08-2026 14:21:00
197906252026061001,PEGAWAI 221,2026-03,73,73,84,75,74,83,94,79.4,Sesuai Ekspektasi,03-08-2026 14:21:00
197610052023051001,PEGAWAI 222,2026-03,81,89,85,79,77,73,84,81.1,Sesuai Ekspektasi,03-08-2026 14:21:00
198202282026051001,PEGAWAI 223,2026-03,91,73,72,80,91,72,91,81.4,Sesuai Ekspektasi,03-08-2026 14:21:00
197808032025041001,PEGAWAI 224,2026-03,76,84,90,84,91,92,80,85.3,Sesuai Ekspektasi,03-08-2026 14:21:00
199007182015041001,PEGAWAI 225,2026-03,76,94,77,80,83,83,83,82.3,Sesuai Ekspektasi,03-08-2026 14:21:00
196811301992061001,PEGAWAI 226,2026-03,79,91,70,72,90,73,72,78.1,Sesuai Ekspektasi,03-08-2026 14:21:00
199712212026051001,PEGAWAI 227,2026-03,93,94,92,84,97,95,93,92.6,Diatas Ekspektasi,03-08-2026 14:21:00
198009112026061001,PEGAWAI 228,2026-03,85,95,93,73,95,80,88,87.0,Sesuai Ekspektasi,03-08-2026 14:21:00
199908092021091001,PEGAWAI 229,2026-03,80,91,86,89,84,75,74,82.7,Sesuai Ekspektasi,03-08-2026 14:21:00
197001231995091001,PEGAWAI 23,2026-03,93,90,90,72,89,82,83,85.6,Sesuai Ekspektasi,03-08-2026 14:21:00
197708132026041001,PEGAWAI 230,2026-03,82,78,90,74,91,83,93,84.4,Sesuai Ekspektasi,03-08-2026 14:21:00
199211112022032001,PEGAWAI 231,2026-03,72,89,72,91,74,94,72,80.6,Sesuai Ekspektasi,03-08-2026 14:21:00
197502271997061001,PEGAWAI 232,2026-03,90,74,82,88,83,91,79,83.9,Sesuai Ekspektasi,03-08-2026 14:21:00
199207062025092001,PEGAWAI 233,2026-03,79,70,91,85,74,71,74,77.7,Sesuai Ekspektasi,03-08-2026 14:21:00
196812051998051001,PEGAWAI 234,2026-03,78,75,92,85,95,77,88,84.3,Sesuai Ekspektasi,03-08-2026 14:21:00
197307211994051001,PEGAWAI 235,2026-03,82,70,90,83,74,74,84,79.6,Sesuai Ekspektasi,03-08-2026 14:21:00
196906171998021001,PEGAWAI 236,2026-03,92,80,83,95,95,85,89,88.4,Sesuai Ekspektasi,03-08-2026 14:21:00
197810092025111001,PEGAWAI 237,2026-03,95,72,86,89,79,94,83,85.4,Sesuai Ekspektasi,03-08-2026 14:21:00
199705132026101001,PEGAWAI 238,2026-03,91,87,94,85,85,91,93,89.4,Sesuai Ekspektasi,03-08-2026 14:21:00
199207132024111001,PEGAWAI 239,2026-03,77,86,91,78,83,71,72,79.7,Sesuai Ekspektasi,03-08-2026 14:21:00
199504172022071001,PEGAWAI 24,2026-03,90,80,84,95,73,70,71,80.4,Sesuai Ekspektasi,03-08-2026 14:21:00
196805281988091001,PEGAWAI 240,2026-03,81,94,84,93,71,74,70,81.0,Sesuai Ekspektasi,03-08-2026 14:21:00
200204142024061001,PEGAWAI 241,2026-03,80,87,91,76,79,77,71,80.1,Sesuai Ekspektasi,03-08-2026 14:21:00
199705062024121001,PEGAWAI 242,2026-03,87,90,80,92,82,76,91,85.4,Sesuai Ekspektasi,03-08-2026 14:21:00
199202062025111001,PEGAWAI 243,2026-03,94,97,93,92,93,93,94,93.7,Diatas Ekspektasi,03-08-2026 14:21:00
197304142007052001,PEGAWAI 244,2026-03,84,82,78,95,89,81,93,86.0,Sesuai Ekspektasi,03-08-2026 14:21:00
198807112009092001,PEGAWAI 245,2026-03,83,86,92,81,93,84,83,86.0,Sesuai Ekspektasi,03-08-2026 14:21:00
197602292010122001,PEGAWAI 246,2026-03,90,89,88,92,75,93,80,86.7,Sesuai Ekspektasi,03-08-2026 14:21:00
198607182026021001,PEGAWAI 247,2026-03,82,88,80,82,95,79,92,85.4,Sesuai Ekspektasi,03-08-2026 14:21:00
199202032024061001,PEGAWAI 248,2026-03,79,88,86,84,93,78,70,82.6,Sesuai Ekspektasi,03-08-2026 14:21:00
197002211996061001,PEGAWAI 249,2026-03,82,81,87,79,70,82,73,79.1,Sesuai Ekspektasi,03-08-2026 14:21:00
200004012023042001,PEGAWAI 25,2026-03,92,73,75,87,79,73,70,78.4,Sesuai Ekspektasi,03-08-2026 14:21:00
199302192013072001,PEGAWAI 250,2026-03,73,70,76,78,76,83,72,75.4,Sesuai Ekspektasi,03-08-2026 14:21:00
199007052026042001,PEGAWAI 26,2026-03,70,81,93,94,78,85,94,85.0,Sesuai Ekspektasi,03-08-2026 14:21:00
197407072010042001,PEGAWAI 27,2026-03,78,84,84,70,76,71,79,77.4,Sesuai Ekspektasi,03-08-2026 14:21:00
196703211999081001,PEGAWAI 28,2026-03,92,93,72,76,83,90,92,85.4,Sesuai Ekspektasi,03-08-2026 14:21:00
199510282017052001,PEGAWAI 29,2026-03,84,92,78,87,77,85,87,84.3,Sesuai Ekspektasi,03-08-2026 14:21:00
199309052025111001,PEGAWAI 3,2026-03,88,84,77,93,80,84,74,82.9,Sesuai Ekspektasi,03-08-2026 14:21:00
200009252026081001,PEGAWAI 30,2026-03,95,78,85,79,74,76,73,80.0,Sesuai Ekspektasi,03-08-2026 14:21:00
197902112016041001,PEGAWAI 31,2026-03,72,87,74,83,87,84,93,82.9,Sesuai Ekspektasi,03-08-2026 14:21:00
197408212026051001,PEGAWAI 32,2026-03,79,76,73,83,72,92,93,81.1,Sesuai Ekspektasi,03-08-2026 14:21:00
199312022025061001,PEGAWAI 33,2026-03,93,85,81,95,94,71,88,86.7,Sesuai Ekspektasi,03-08-2026 14:21:00
199802092022051001,PEGAWAI 34,2026-03,86,75,77,74,92,84,82,81.4,Sesuai Ekspektasi,03-08-2026 14:21:00
197907192027091001,PEGAWAI 35,2026-03,79,72,80,76,90,80,74,78.7,Sesuai Ekspektasi,03-08-2026 14:21:00
196706011999021001,PEGAWAI 36,2026-03,89,80,76,88,71,81,87,81.7,Sesuai Ekspektasi,03-08-2026 14:21:00
198311132026121001,PEGAWAI 37,2026-03,84,79,71,77,89,87,75,80.3,Sesuai Ekspektasi,03-08-2026 14:21:00
197611302024091001,PEGAWAI 38,2026-03,78,93,86,85,85,82,93,86.0,Sesuai Ekspektasi,03-08-2026 14:21:00
199511092023012001,PEGAWAI 39,2026-03,86,91,90,90,70,92,86,86.4,Sesuai Ekspektasi,03-08-2026 14:21:00
199302282027111001,PEGAWAI 4,2026-03,88,94,72,84,81,76,83,82.6,Sesuai Ekspektasi,03-08-2026 14:21:00
199606152023062001,PEGAWAI 40,2026-03,74,86,89,80,79,71,72,78.7,Sesuai Ekspektasi,03-08-2026 14:21:00
199602042026041001,PEGAWAI 41,2026-03,87,81,87,79,83,89,86,84.6,Sesuai Ekspektasi,03-08-2026 14:21:00
198703262009081001,PEGAWAI 42,2026-03,94,73,93,88,91,81,91,87.3,Sesuai Ekspektasi,03-08-2026 14:21:00
197509132027031001,PEGAWAI 43,2026-03,75,73,89,72,81,81,84,79.3,Sesuai Ekspektasi,03-08-2026 14:21:00
200112292024011001,PEGAWAI 44,2026-03,72,70,81,90,73,85,95,80.9,Sesuai Ekspektasi,03-08-2026 14:21:00
199710182025112001,PEGAWAI 45,2026-03,79,84,82,75,92,73,87,81.7,Sesuai Ekspektasi,03-08-2026 14:21:00
198804282024031001,PEGAWAI 46,2026-03,75,70,73,84,85,78,86,78.7,Sesuai Ekspektasi,03-08-2026 14:21:00
199809052024081001,PEGAWAI 47,2026-03,72,85,73,87,94,86,93,84.3,Sesuai Ekspektasi,03-08-2026 14:21:00
198512162009122001,PEGAWAI 48,2026-03,85,71,72,81,78,89,76,78.9,Sesuai Ekspektasi,03-08-2026 14:21:00
198304082024101001,PEGAWAI 49,2026-03,86,77,73,70,84,80,75,77.9,Sesuai Ekspektasi,03-08-2026 14:21:00
196908311989051001,PEGAWAI 5,2026-03,86,75,95,90,84,95,75,85.7,Sesuai Ekspektasi,03-08-2026 14:21:00
200203142025051001,PEGAWAI 50,2026-03,89,86,86,86,95,74,70,83.7,Sesuai Ekspektasi,03-08-2026 14:21:00
199211072027091001,PEGAWAI 51,2026-03,89,75,73,75,70,95,78,79.3,Sesuai Ekspektasi,03-08-2026 14:21:00
199906162024101001,PEGAWAI 52,2026-03,86,71,82,88,91,81,73,81.7,Sesuai Ekspektasi,03-08-2026 14:21:00
199806252027041001,PEGAWAI 53,2026-03,93,93,80,90,85,89,88,88.3,Sesuai Ekspektasi,03-08-2026 14:21:00
199204242016121001,PEGAWAI 54,2026-03,75,88,80,88,75,74,92,81.7,Sesuai Ekspektasi,03-08-2026 14:21:00
197202022024051001,PEGAWAI 55,2026-03,94,72,80,85,76,86,92,83.6,Sesuai Ekspektasi,03-08-2026 14:21:00
197209041999011001,PEGAWAI 56,2026-03,78,95,80,86,89,77,94,85.6,Sesuai Ekspektasi,03-08-2026 14:21:00
198901292027011001,PEGAWAI 57,2026-03,74,83,92,91,92,76,86,84.9,Sesuai Ekspektasi,03-08-2026 14:21:00
198110312024051001,PEGAWAI 58,2026-03,95,72,95,95,85,85,86,87.6,Sesuai Ekspektasi,03-08-2026 14:21:00
199904262025092001,PEGAWAI 59,2026-03,72,94,83,93,88,95,84,87.0,Sesuai Ekspektasi,03-08-2026 14:21:00
197110152025031001,PEGAWAI 6,2026-03,74,81,92,91,75,85,81,82.7,Sesuai Ekspektasi,03-08-2026 14:21:00
196911101996022001,PEGAWAI 60,2026-03,91,71,86,74,95,85,89,84.4,Sesuai Ekspektasi,03-08-2026 14:21:00
198101052016061001,PEGAWAI 61,2026-03,87,93,92,94,84,92,76,88.3,Sesuai Ekspektasi,03-08-2026 14:21:00
197609212026011001,PEGAWAI 62,2026-03,82,71,94,82,88,78,79,82.0,Sesuai Ekspektasi,03-08-2026 14:21:00
198505122026101001,PEGAWAI 63,2026-03,84,92,71,77,84,92,87,83.9,Sesuai Ekspektasi,03-08-2026 14:21:00
200306192024121001,PEGAWAI 64,2026-03,81,74,94,86,80,86,93,84.9,Sesuai Ekspektasi,03-08-2026 14:21:00
199711142024012001,PEGAWAI 65,2026-03,84,88,89,75,84,92,82,84.9,Sesuai Ekspektasi,03-08-2026 14:21:00
199502192024012001,PEGAWAI 66,2026-03,72,70,74,85,72,91,74,76.9,Sesuai Ekspektasi,03-08-2026 14:21:00
197907072024062001,PEGAWAI 67,2026-03,81,78,90,89,72,76,84,81.4,Sesuai Ekspektasi,03-08-2026 14:21:00
198206082026111001,PEGAWAI 68,2026-03,72,89,85,94,93,89,81,86.1,Sesuai Ekspektasi,03-08-2026 14:21:00
197604211999042001,PEGAWAI 69,2026-03,70,90,84,85,86,81,75,81.6,Sesuai Ekspektasi,03-08-2026 14:21:00
197712122024041001,PEGAWAI 7,2026-03,83,86,86,89,71,89,81,83.6,Sesuai Ekspektasi,03-08-2026 14:21:00
199009092012091001,PEGAWAI 70,2026-03,98,94,95,93,91,93,83,92.4,Diatas Ekspektasi,03-08-2026 14:21:00
199207292025031001,PEGAWAI 71,2026-03,92,79,89,88,83,77,75,83.3,Sesuai Ekspektasi,03-08-2026 14:21:00
199405252026092001,PEGAWAI 72,2026-03,72,78,87,71,80,87,75,78.6,Sesuai Ekspektasi,03-08-2026 14:21:00
200104282024022001,PEGAWAI 73,2026-03,84,76,77,79,75,94,91,82.3,Sesuai Ekspektasi,03-08-2026 14:21:00
199509262026081001,PEGAWAI 74,2026-03,75,76,73,76,71,88,90,78.4,Sesuai Ekspektasi,03-08-2026 14:21:00
197405021997021001,PEGAWAI 75,2026-03,94,94,77,81,76,71,70,80.4,Sesuai Ekspektasi,03-08-2026 14:21:00
198406302024051001,PEGAWAI 76,2026-03,85,72,81,92,74,84,91,82.7,Sesuai Ekspektasi,03-08-2026 14:21:00
197510172010012001,PEGAWAI 77,2026-03,87,92,75,78,81,75,89,82.4,Sesuai Ekspektasi,03-08-2026 14:21:00
197806042008041001,PEGAWAI 78,2026-03,70,92,87,81,77,76,73,79.4,Sesuai Ekspektasi,03-08-2026 14:21:00
198610032010031001,PEGAWAI 79,2026-03,88,95,78,93,90,73,78,85.0,Sesuai Ekspektasi,03-08-2026 14:21:00
200409252024091001,PEGAWAI 8,2026-03,72,70,93,74,73,94,78,79.1,Sesuai Ekspektasi,03-08-2026 14:21:00
197105162024081001,PEGAWAI 80,2026-03,78,70,89,82,91,94,91,85.0,Sesuai Ekspektasi,03-08-2026 14:21:00
199206052023081001,PEGAWAI 81,2026-03,70,81,89,78,77,93,92,82.9,Sesuai Ekspektasi,03-08-2026 14:21:00
199707032025072001,PEGAWAI 82,2026-03,80,94,70,87,82,94,71,82.6,Sesuai Ekspektasi,03-08-2026 14:21:00
199211022017021001,PEGAWAI 83,2026-03,88,71,83,70,78,82,85,79.6,Sesuai Ekspektasi,03-08-2026 14:21:00
199303022027022001,PEGAWAI 84,2026-03,73,85,80,93,95,87,91,86.3,Sesuai Ekspektasi,03-08-2026 14:21:00
197308181996122001,PEGAWAI 85,2026-03,76,90,76,83,83,82,73,80.4,Sesuai Ekspektasi,03-08-2026 14:21:00
199907092025121001,PEGAWAI 86,2026-03,92,80,86,91,94,83,71,85.3,Sesuai Ekspektasi,03-08-2026 14:21:00
199603072024071001,PEGAWAI 87,2026-03,82,94,86,92,83,81,79,85.3,Sesuai Ekspektasi,03-08-2026 14:21:00
199705172021121001,PEGAWAI 88,2026-03,79,91,77,91,74,91,72,82.1,Sesuai Ekspektasi,03-08-2026 14:21:00
199208022018051001,PEGAWAI 89,2026-03,91,90,76,82,80,81,85,83.6,Sesuai Ekspektasi,03-08-2026 14:21:00
199811082026012001,PEGAWAI 9,2026-03,90,80,83,89,95,77,92,86.6,Sesuai Ekspektasi,03-08-2026 14:21:00
197008102026011001,PEGAWAI 90,2026-03,93,82,94,83,81,91,76,85.7,Sesuai Ekspektasi,03-08-2026 14:21:00
197802232023071001,PEGAWAI 91,2026-03,74,93,95,83,78,83,76,83.1,Sesuai Ekspektasi,03-08-2026 14:21:00
199702232025072001,PEGAWAI 92,2026-03,75,86,92,70,84,89,72,81.1,Sesuai Ekspektasi,03-08-2026 14:21:00
199211142025102001,PEGAWAI 93,2026-03,93,76,72,91,95,91,91,87.0,Sesuai Ekspektasi,03-08-2026 14:21:00
199511092024041001,PEGAWAI 94,2026-03,70,89,93,80,88,80,75,82.1,Sesuai Ekspektasi,03-08-2026 14:21:00
197603292007082001,PEGAWAI 95,2026-03,79,77,74,83,90,82,76,80.1,Sesuai Ekspektasi,03-08-2026 14:21:00
198002292026032001,PEGAWAI 96,2026-03,83,82,89,93,84,81,82,84.9,Sesuai Ekspektasi,03-08-2026 14:21:00
197012012000021001,PEGAWAI 97,2026-03,78,79,91,76,83,76,83,80.9,Sesuai Ekspektasi,03-08-2026 14:21:00
199906232027032001,PEGAWAI 98,2026-03,78,72,76,70,89,71,81,76.7,Sesuai Ekspektasi,03-08-2026 14:21:00
198408022010081001,PEGAWAI 99,2026-03,94,99,93,94,95,89,83,92.4,Diatas Ekspektasi,03-08-2026 14:21:00
197110022025071001,PEGAWAI 1,2026-04,92,90,78,94,78,70,95,85.3,Sesuai Ekspektasi,03-08-2026 14:21:00
198103082027061001,PEGAWAI 10,2026-04,74,73,94,82,76,95,87,83.0,Sesuai Ekspektasi,03-08-2026 14:21:00
197505052025011001,PEGAWAI 100,2026-04,81,82,94,70,80,73,81,80.1,Sesuai Ekspektasi,03-08-2026 14:21:00
198602132024061001,PEGAWAI 101,2026-04,86,76,80,91,87,79,82,83.0,Sesuai Ekspektasi,03-08-2026 14:21:00
199201312026042001,PEGAWAI 102,2026-04,89,88,76,84,74,74,86,81.6,Sesuai Ekspektasi,03-08-2026 14:21:00
200301022024032001,PEGAWAI 103,2026-04,81,76,75,71,84,73,87,78.1,Sesuai Ekspektasi,03-08-2026 14:21:00
200103242025062001,PEGAWAI 104,2026-04,93,83,90,73,93,94,91,88.1,Sesuai Ekspektasi,03-08-2026 14:21:00
197709292026091001,PEGAWAI 105,2026-04,76,85,77,73,87,93,90,83.0,Sesuai Ekspektasi,03-08-2026 14:21:00
198401262027111001,PEGAWAI 106,2026-04,82,86,76,84,82,79,73,80.3,Sesuai Ekspektasi,03-08-2026 14:21:00
198007042023121001,PEGAWAI 107,2026-04,85,72,92,94,88,87,77,85.0,Sesuai Ekspektasi,03-08-2026 14:21:00
197801092012042001,PEGAWAI 108,2026-04,94,85,89,71,83,81,82,83.6,Sesuai Ekspektasi,03-08-2026 14:21:00
197608271997082001,PEGAWAI 109,2026-04,92,90,93,93,90,92,94,92.0,Diatas Ekspektasi,03-08-2026 14:21:00
197504282026011001,PEGAWAI 11,2026-04,88,83,89,87,91,75,83,85.1,Sesuai Ekspektasi,03-08-2026 14:21:00
197705272023041001,PEGAWAI 110,2026-04,73,84,72,90,76,90,93,82.6,Sesuai Ekspektasi,03-08-2026 14:21:00
198610242025051001,PEGAWAI 111,2026-04,85,81,82,84,92,83,78,83.6,Sesuai Ekspektasi,03-08-2026 14:21:00
198609172025041001,PEGAWAI 112,2026-04,84,87,86,72,87,80,83,82.7,Sesuai Ekspektasi,03-08-2026 14:21:00
198611222025061001,PEGAWAI 113,2026-04,90,88,81,86,79,93,85,86.0,Sesuai Ekspektasi,03-08-2026 14:21:00
198011292025051001,PEGAWAI 114,2026-04,80,76,84,74,90,70,73,78.1,Sesuai Ekspektasi,03-08-2026 14:21:00
199904252027051001,PEGAWAI 115,2026-04,89,72,93,80,86,75,92,83.9,Sesuai Ekspektasi,03-08-2026 14:21:00
198411102025031001,PEGAWAI 116,2026-04,87,86,82,76,76,78,74,79.9,Sesuai Ekspektasi,03-08-2026 14:21:00
198901102024051001,PEGAWAI 117,2026-04,84,70,93,86,78,89,71,81.6,Sesuai Ekspektasi,03-08-2026 14:21:00
197910012026071001,PEGAWAI 118,2026-04,93,93,72,87,93,91,71,85.7,Sesuai Ekspektasi,03-08-2026 14:21:00
198905262012022001,PEGAWAI 119,2026-04,74,87,84,91,88,78,76,82.6,Sesuai Ekspektasi,03-08-2026 14:21:00
198410102026081001,PEGAWAI 12,2026-04,71,86,84,91,89,91,88,85.7,Sesuai Ekspektasi,03-08-2026 14:21:00
197312182024051001,PEGAWAI 120,2026-04,85,70,76,94,80,94,91,84.3,Sesuai Ekspektasi,03-08-2026 14:21:00
197211012027112001,PEGAWAI 121,2026-04,95,77,75,84,72,81,84,81.1,Sesuai Ekspektasi,03-08-2026 14:21:00
199112282024102001,PEGAWAI 122,2026-04,91,71,73,80,90,75,84,80.6,Sesuai Ekspektasi,03-08-2026 14:21:00
199610252025012001,PEGAWAI 123,2026-04,72,76,72,87,83,87,81,79.7,Sesuai Ekspektasi,03-08-2026 14:21:00
196807121999061001,PEGAWAI 124,2026-04,78,82,89,91,82,77,92,84.4,Sesuai Ekspektasi,03-08-2026 14:21:00
200102282024041001,PEGAWAI 125,2026-04,80,71,77,82,89,93,82,82.0,Sesuai Ekspektasi,03-08-2026 14:21:00
196809291997031001,PEGAWAI 126,2026-04,89,92,76,71,93,70,81,81.7,Sesuai Ekspektasi,03-08-2026 14:21:00
197209142000011001,PEGAWAI 127,2026-04,82,95,91,72,84,86,79,84.1,Sesuai Ekspektasi,03-08-2026 14:21:00
198704072024011001,PEGAWAI 128,2026-04,78,77,75,80,74,90,77,78.7,Sesuai Ekspektasi,03-08-2026 14:21:00
197511032025021001,PEGAWAI 129,2026-04,88,84,86,84,84,86,94,86.6,Sesuai Ekspektasi,03-08-2026 14:21:00
199405232026081001,PEGAWAI 13,2026-04,74,88,88,89,77,76,85,82.4,Sesuai Ekspektasi,03-08-2026 14:21:00
197604101998081001,PEGAWAI 130,2026-04,93,77,75,92,75,84,91,83.9,Sesuai Ekspektasi,03-08-2026 14:21:00
197308052024081001,PEGAWAI 131,2026-04,75,72,80,86,89,91,79,81.7,Sesuai Ekspektasi,03-08-2026 14:21:00
198403152025011001,PEGAWAI 132,2026-04,91,93,89,88,94,92,90,91.0,Diatas Ekspektasi,03-08-2026 14:21:00
197908242009031001,PEGAWAI 133,2026-04,82,82,88,88,84,81,72,82.4,Sesuai Ekspektasi,03-08-2026 14:21:00
199602112017111001,PEGAWAI 134,2026-04,75,84,94,89,95,92,90,88.4,Sesuai Ekspektasi,03-08-2026 14:21:00
199107202015011001,PEGAWAI 135,2026-04,76,83,78,82,88,74,84,80.7,Sesuai Ekspektasi,03-08-2026 14:21:00
199905102024101001,PEGAWAI 136,2026-04,84,84,83,77,71,70,95,80.6,Sesuai Ekspektasi,03-08-2026 14:21:00
198003012025061001,PEGAWAI 137,2026-04,88,74,71,80,87,87,73,80.0,Sesuai Ekspektasi,03-08-2026 14:21:00
198804092025081001,PEGAWAI 138,2026-04,76,79,91,78,83,71,91,81.3,Sesuai Ekspektasi,03-08-2026 14:21:00
198601042026021001,PEGAWAI 139,2026-04,92,94,95,90,90,90,87,91.1,Diatas Ekspektasi,03-08-2026 14:21:00
197005122026091001,PEGAWAI 14,2026-04,76,81,86,81,85,90,93,84.6,Sesuai Ekspektasi,03-08-2026 14:21:00
199512242025041001,PEGAWAI 140,2026-04,70,85,88,76,95,80,83,82.4,Sesuai Ekspektasi,03-08-2026 14:21:00
198601242027111001,PEGAWAI 141,2026-04,78,75,73,73,93,81,90,80.4,Sesuai Ekspektasi,03-08-2026 14:21:00
199203272014031001,PEGAWAI 142,2026-04,81,77,70,87,89,77,81,80.3,Sesuai Ekspektasi,03-08-2026 14:21:00
197805102027062001,PEGAWAI 143,2026-04,75,94,89,72,92,95,85,86.0,Sesuai Ekspektasi,03-08-2026 14:21:00
199608112024032001,PEGAWAI 144,2026-04,94,81,95,72,71,72,88,81.9,Sesuai Ekspektasi,03-08-2026 14:21:00
199709182022092001,PEGAWAI 145,2026-04,88,70,92,77,95,71,74,81.0,Sesuai Ekspektasi,03-08-2026 14:21:00
199702112027112001,PEGAWAI 146,2026-04,71,76,71,72,94,91,71,78.0,Sesuai Ekspektasi,03-08-2026 14:21:00
199709222025122001,PEGAWAI 147,2026-04,71,81,75,73,87,77,95,79.9,Sesuai Ekspektasi,03-08-2026 14:21:00
197301232027042001,PEGAWAI 148,2026-04,85,90,92,81,71,84,89,84.6,Sesuai Ekspektasi,03-08-2026 14:21:00
199406152022112001,PEGAWAI 149,2026-04,93,93,94,95,92,91,98,93.7,Diatas Ekspektasi,03-08-2026 14:21:00
197808272027051001,PEGAWAI 15,2026-04,85,71,81,70,86,89,81,80.4,Sesuai Ekspektasi,03-08-2026 14:21:00
198312192001122001,PEGAWAI 150,2026-04,86,88,72,94,94,91,79,86.3,Sesuai Ekspektasi,03-08-2026 14:21:00
199411112027072001,PEGAWAI 151,2026-04,90,95,85,92,84,90,78,87.7,Sesuai Ekspektasi,03-08-2026 14:21:00
197407302010112001,PEGAWAI 152,2026-04,92,86,73,89,72,75,92,82.7,Sesuai Ekspektasi,03-08-2026 14:21:00
198907192024071001,PEGAWAI 153,2026-04,71,71,88,77,93,88,75,80.4,Sesuai Ekspektasi,03-08-2026 14:21:00
200111162024061001,PEGAWAI 154,2026-04,90,92,74,73,78,88,84,82.7,Sesuai Ekspektasi,03-08-2026 14:21:00
198912212025112001,PEGAWAI 155,2026-04,73,81,85,93,76,72,90,81.4,Sesuai Ekspektasi,03-08-2026 14:21:00
199911272025042001,PEGAWAI 156,2026-04,90,71,88,73,72,90,75,79.9,Sesuai Ekspektasi,03-08-2026 14:21:00
197504022025121001,PEGAWAI 157,2026-04,82,94,84,81,72,78,90,83.0,Sesuai Ekspektasi,03-08-2026 14:21:00
196802221996101001,PEGAWAI 158,2026-04,77,94,73,95,86,78,86,84.1,Sesuai Ekspektasi,03-08-2026 14:21:00
200007012025052001,PEGAWAI 159,2026-04,78,89,84,74,95,83,71,82.0,Sesuai Ekspektasi,03-08-2026 14:21:00
197308252026121001,PEGAWAI 16,2026-04,89,87,82,95,92,86,78,87.0,Sesuai Ekspektasi,03-08-2026 14:21:00
199712192026012001,PEGAWAI 160,2026-04,72,87,70,78,73,85,74,77.0,Sesuai Ekspektasi,03-08-2026 14:21:00
196804061988121001,PEGAWAI 161,2026-04,87,93,92,91,95,98,95,93.0,Diatas Ekspektasi,03-08-2026 14:21:00
199905012024101001,PEGAWAI 162,2026-04,77,79,82,95,91,95,94,87.6,Sesuai Ekspektasi,03-08-2026 14:21:00
199411222023011001,PEGAWAI 163,2026-04,71,95,84,89,92,87,72,84.3,Sesuai Ekspektasi,03-08-2026 14:21:00
199505112026022001,PEGAWAI 164,2026-04,71,88,83,77,92,88,81,82.9,Sesuai Ekspektasi,03-08-2026 14:21:00
199710232023031001,PEGAWAI 165,2026-04,90,70,76,71,79,80,94,80.0,Sesuai Ekspektasi,03-08-2026 14:21:00
200207182024112001,PEGAWAI 166,2026-04,81,76,71,73,92,94,84,81.6,Sesuai Ekspektasi,03-08-2026 14:21:00
199707112026021001,PEGAWAI 167,2026-04,70,93,74,84,79,83,92,82.1,Sesuai Ekspektasi,03-08-2026 14:21:00
199009012024051001,PEGAWAI 168,2026-04,92,71,81,74,85,94,92,84.1,Sesuai Ekspektasi,03-08-2026 14:21:00
199712152021031001,PEGAWAI 169,2026-04,78,86,85,86,80,75,95,83.6,Sesuai Ekspektasi,03-08-2026 14:21:00
199610022023051001,PEGAWAI 17,2026-04,77,75,73,73,85,95,75,79.0,Sesuai Ekspektasi,03-08-2026 14:21:00
200109162026071001,PEGAWAI 170,2026-04,91,90,95,75,75,78,91,85.0,Sesuai Ekspektasi,03-08-2026 14:21:00
199304302026041001,PEGAWAI 171,2026-04,95,91,89,87,70,91,72,85.0,Sesuai Ekspektasi,03-08-2026 14:21:00
197709242025121001,PEGAWAI 172,2026-04,98,95,90,91,90,94,92,92.9,Diatas Ekspektasi,03-08-2026 14:21:00
199710022025021001,PEGAWAI 173,2026-04,85,78,72,83,79,76,80,79.0,Sesuai Ekspektasi,03-08-2026 14:21:00
198212212024111001,PEGAWAI 174,2026-04,92,91,89,74,76,92,83,85.3,Sesuai Ekspektasi,03-08-2026 14:21:00
199906062024052001,PEGAWAI 175,2026-04,75,91,86,91,85,79,90,85.3,Sesuai Ekspektasi,03-08-2026 14:21:00
200006272027072001,PEGAWAI 176,2026-04,79,78,70,94,90,80,88,82.7,Sesuai Ekspektasi,03-08-2026 14:21:00
198807062010112001,PEGAWAI 177,2026-04,87,95,88,80,71,95,85,85.9,Sesuai Ekspektasi,03-08-2026 14:21:00
199710152020032001,PEGAWAI 178,2026-04,72,84,75,82,91,76,90,81.4,Sesuai Ekspektasi,03-08-2026 14:21:00
199812072025082001,PEGAWAI 179,2026-04,82,74,80,76,71,85,83,78.7,Sesuai Ekspektasi,03-08-2026 14:21:00
199411242018031001,PEGAWAI 18,2026-04,71,73,72,83,92,89,84,80.6,Sesuai Ekspektasi,03-08-2026 14:21:00
196705041997121001,PEGAWAI 180,2026-04,79,94,73,92,79,90,72,82.7,Sesuai Ekspektasi,03-08-2026 14:21:00
197708012001031001,PEGAWAI 181,2026-04,89,79,72,89,85,80,72,80.9,Sesuai Ekspektasi,03-08-2026 14:21:00
197102031994061001,PEGAWAI 182,2026-04,75,81,85,84,79,74,89,81.0,Sesuai Ekspektasi,03-08-2026 14:21:00
199902272024042001,PEGAWAI 183,2026-04,94,96,97,92,90,91,83,91.9,Diatas Ekspektasi,03-08-2026 14:21:00
197807072025081001,PEGAWAI 184,2026-04,86,81,93,95,78,85,81,85.6,Sesuai Ekspektasi,03-08-2026 14:21:00
197908252026041001,PEGAWAI 185,2026-04,74,80,78,78,72,89,83,79.1,Sesuai Ekspektasi,03-08-2026 14:21:00
198211022024122001,PEGAWAI 186,2026-04,74,90,81,75,74,81,89,80.6,Sesuai Ekspektasi,03-08-2026 14:21:00
199405102025011001,PEGAWAI 187,2026-04,87,92,84,85,90,95,85,88.3,Sesuai Ekspektasi,03-08-2026 14:21:00
196703241995021001,PEGAWAI 188,2026-04,86,82,88,94,93,93,80,88.0,Sesuai Ekspektasi,03-08-2026 14:21:00
199403032026042001,PEGAWAI 189,2026-04,94,84,84,86,72,75,74,81.3,Sesuai Ekspektasi,03-08-2026 14:21:00
199707162026051001,PEGAWAI 19,2026-04,84,94,93,93,75,94,80,87.6,Sesuai Ekspektasi,03-08-2026 14:21:00
199301242026122001,PEGAWAI 190,2026-04,86,75,88,90,93,79,80,84.4,Sesuai Ekspektasi,03-08-2026 14:21:00
199601172026122001,PEGAWAI 191,2026-04,82,75,83,75,84,73,88,80.0,Sesuai Ekspektasi,03-08-2026 14:21:00
199612012024062001,PEGAWAI 192,2026-04,83,74,71,82,88,94,81,81.9,Sesuai Ekspektasi,03-08-2026 14:21:00
197509042009091001,PEGAWAI 193,2026-04,70,91,84,77,84,82,81,81.3,Sesuai Ekspektasi,03-08-2026 14:21:00
198909112026121001,PEGAWAI 194,2026-04,77,82,91,93,74,74,73,80.6,Sesuai Ekspektasi,03-08-2026 14:21:00
197502272025072001,PEGAWAI 195,2026-04,71,81,88,74,91,80,85,81.4,Sesuai Ekspektasi,03-08-2026 14:21:00
199306202026012001,PEGAWAI 196,2026-04,76,90,79,74,95,77,91,83.1,Sesuai Ekspektasi,03-08-2026 14:21:00
197209182009082001,PEGAWAI 197,2026-04,79,78,82,94,77,72,84,80.9,Sesuai Ekspektasi,03-08-2026 14:21:00
197005011998022001,PEGAWAI 198,2026-04,87,93,70,95,75,82,89,84.4,Sesuai Ekspektasi,03-08-2026 14:21:00
200011172023052001,PEGAWAI 199,2026-04,78,80,80,81,81,95,86,83.0,Sesuai Ekspektasi,03-08-2026 14:21:00
198506242024011001,PEGAWAI 2,2026-04,88,91,87,74,81,83,88,84.6,Sesuai Ekspektasi,03-08-2026 14:21:00
199805282026122001,PEGAWAI 20,2026-04,83,70,74,77,78,84,95,80.1,Sesuai Ekspektasi,03-08-2026 14:21:00
198204042024081001,PEGAWAI 200,2026-04,97,93,96,93,94,95,92,94.3,Diatas Ekspektasi,03-08-2026 14:21:00
197102142028011001,PEGAWAI 201,2026-04,76,89,71,74,88,88,71,79.6,Sesuai Ekspektasi,03-08-2026 14:21:00
197007141985121001,PEGAWAI 202,2026-04,80,88,82,85,81,90,77,83.3,Sesuai Ekspektasi,03-08-2026 14:21:00
198201012024071001,PEGAWAI 203,2026-04,82,78,87,93,89,76,82,83.9,Sesuai Ekspektasi,03-08-2026 14:21:00
197411212024121001,PEGAWAI 204,2026-04,91,85,91,70,70,84,80,81.6,Sesuai Ekspektasi,03-08-2026 14:21:00
197104092024121001,PEGAWAI 205,2026-04,80,75,80,75,80,81,88,79.9,Sesuai Ekspektasi,03-08-2026 14:21:00
197707212009111001,PEGAWAI 206,2026-04,90,79,90,72,74,91,71,81.0,Sesuai Ekspektasi,03-08-2026 14:21:00
197004031996052001,PEGAWAI 207,2026-04,90,73,71,86,84,83,73,80.0,Sesuai Ekspektasi,03-08-2026 14:21:00
197403192025022001,PEGAWAI 208,2026-04,78,80,77,79,85,86,75,80.0,Sesuai Ekspektasi,03-08-2026 14:21:00
196806031990081001,PEGAWAI 209,2026-04,86,94,88,86,74,73,72,81.9,Sesuai Ekspektasi,03-08-2026 14:21:00
196904171988061001,PEGAWAI 21,2026-04,89,81,82,80,83,81,75,81.6,Sesuai Ekspektasi,03-08-2026 14:21:00
197401102009071001,PEGAWAI 210,2026-04,85,91,77,73,89,76,79,81.4,Sesuai Ekspektasi,03-08-2026 14:21:00
196907041988121001,PEGAWAI 211,2026-04,76,85,87,90,94,87,78,85.3,Sesuai Ekspektasi,03-08-2026 14:21:00
197309202007042001,PEGAWAI 212,2026-04,88,90,92,82,87,84,88,87.3,Sesuai Ekspektasi,03-08-2026 14:21:00
197104191994041001,PEGAWAI 213,2026-04,84,78,84,85,78,72,88,81.3,Sesuai Ekspektasi,03-08-2026 14:21:00
197602042026051001,PEGAWAI 214,2026-04,86,90,88,94,94,73,75,85.7,Sesuai Ekspektasi,03-08-2026 14:21:00
198303142024041001,PEGAWAI 215,2026-04,72,90,85,81,92,88,76,83.4,Sesuai Ekspektasi,03-08-2026 14:21:00
197202101998031001,PEGAWAI 216,2026-04,81,78,74,73,90,77,81,79.1,Sesuai Ekspektasi,03-08-2026 14:21:00
198710292027041001,PEGAWAI 217,2026-04,74,73,93,71,73,80,87,78.7,Sesuai Ekspektasi,03-08-2026 14:21:00
198001192027102001,PEGAWAI 218,2026-04,93,94,93,92,91,90,92,92.1,Diatas Ekspektasi,03-08-2026 14:21:00
197205151997071001,PEGAWAI 219,2026-04,89,72,88,94,70,83,80,82.3,Sesuai Ekspektasi,03-08-2026 14:21:00
200007142023072001,PEGAWAI 22,2026-04,88,94,81,74,92,79,93,85.9,Sesuai Ekspektasi,03-08-2026 14:21:00
197906092025071001,PEGAWAI 220,2026-04,92,78,87,85,74,85,73,82.0,Sesuai Ekspektasi,03-08-2026 14:21:00
197906252026061001,PEGAWAI 221,2026-04,83,87,91,73,88,84,88,84.9,Sesuai Ekspektasi,03-08-2026 14:21:00
197610052023051001,PEGAWAI 222,2026-04,75,76,87,75,79,91,95,82.6,Sesuai Ekspektasi,03-08-2026 14:21:00
198202282026051001,PEGAWAI 223,2026-04,77,82,86,94,77,89,77,83.1,Sesuai Ekspektasi,03-08-2026 14:21:00
197808032025041001,PEGAWAI 224,2026-04,83,85,87,75,90,92,77,84.1,Sesuai Ekspektasi,03-08-2026 14:21:00
199007182015041001,PEGAWAI 225,2026-04,82,71,70,93,83,94,93,83.7,Sesuai Ekspektasi,03-08-2026 14:21:00
196811301992061001,PEGAWAI 226,2026-04,70,81,83,92,88,75,85,82.0,Sesuai Ekspektasi,03-08-2026 14:21:00
199712212026051001,PEGAWAI 227,2026-04,95,95,96,97,91,94,92,94.3,Diatas Ekspektasi,03-08-2026 14:21:00
198009112026061001,PEGAWAI 228,2026-04,81,79,77,94,89,73,84,82.4,Sesuai Ekspektasi,03-08-2026 14:21:00
199908092021091001,PEGAWAI 229,2026-04,74,87,82,93,88,93,89,86.6,Sesuai Ekspektasi,03-08-2026 14:21:00
197001231995091001,PEGAWAI 23,2026-04,90,91,91,86,72,89,73,84.6,Sesuai Ekspektasi,03-08-2026 14:21:00
197708132026041001,PEGAWAI 230,2026-04,94,85,84,70,92,95,70,84.3,Sesuai Ekspektasi,03-08-2026 14:21:00
199211112022032001,PEGAWAI 231,2026-04,72,92,94,86,81,77,72,82.0,Sesuai Ekspektasi,03-08-2026 14:21:00
197502271997061001,PEGAWAI 232,2026-04,77,90,85,76,86,72,93,82.7,Sesuai Ekspektasi,03-08-2026 14:21:00
199207062025092001,PEGAWAI 233,2026-04,90,79,93,85,94,77,91,87.0,Sesuai Ekspektasi,03-08-2026 14:21:00
196812051998051001,PEGAWAI 234,2026-04,73,81,75,80,92,81,82,80.6,Sesuai Ekspektasi,03-08-2026 14:21:00
197307211994051001,PEGAWAI 235,2026-04,90,89,89,78,77,83,90,85.1,Sesuai Ekspektasi,03-08-2026 14:21:00
196906171998021001,PEGAWAI 236,2026-04,86,85,73,82,91,89,78,83.4,Sesuai Ekspektasi,03-08-2026 14:21:00
197810092025111001,PEGAWAI 237,2026-04,85,84,78,80,82,77,94,82.9,Sesuai Ekspektasi,03-08-2026 14:21:00
199705132026101001,PEGAWAI 238,2026-04,91,83,95,90,79,76,75,84.1,Sesuai Ekspektasi,03-08-2026 14:21:00
199207132024111001,PEGAWAI 239,2026-04,73,85,79,87,74,72,83,79.0,Sesuai Ekspektasi,03-08-2026 14:21:00
199504172022071001,PEGAWAI 24,2026-04,78,78,79,85,74,70,84,78.3,Sesuai Ekspektasi,03-08-2026 14:21:00
196805281988091001,PEGAWAI 240,2026-04,76,93,83,84,86,85,80,83.9,Sesuai Ekspektasi,03-08-2026 14:21:00
200204142024061001,PEGAWAI 241,2026-04,71,85,86,82,94,70,89,82.4,Sesuai Ekspektasi,03-08-2026 14:21:00
199705062024121001,PEGAWAI 242,2026-04,71,79,93,84,73,81,88,81.3,Sesuai Ekspektasi,03-08-2026 14:21:00
199202062025111001,PEGAWAI 243,2026-04,90,91,91,92,90,89,94,91.0,Diatas Ekspektasi,03-08-2026 14:21:00
197304142007052001,PEGAWAI 244,2026-04,79,82,71,71,76,87,72,76.9,Sesuai Ekspektasi,03-08-2026 14:21:00
198807112009092001,PEGAWAI 245,2026-04,91,74,82,76,95,90,79,83.9,Sesuai Ekspektasi,03-08-2026 14:21:00
197602292010122001,PEGAWAI 246,2026-04,85,90,90,74,74,74,85,81.7,Sesuai Ekspektasi,03-08-2026 14:21:00
198607182026021001,PEGAWAI 247,2026-04,83,95,85,86,79,94,80,86.0,Sesuai Ekspektasi,03-08-2026 14:21:00
199202032024061001,PEGAWAI 248,2026-04,78,70,81,86,76,90,70,78.7,Sesuai Ekspektasi,03-08-2026 14:21:00
197002211996061001,PEGAWAI 249,2026-04,88,88,82,94,89,71,80,84.6,Sesuai Ekspektasi,03-08-2026 14:21:00
200004012023042001,PEGAWAI 25,2026-04,92,87,76,95,71,77,94,84.6,Sesuai Ekspektasi,03-08-2026 14:21:00
199302192013072001,PEGAWAI 250,2026-04,79,91,77,72,71,91,91,81.7,Sesuai Ekspektasi,03-08-2026 14:21:00
199007052026042001,PEGAWAI 26,2026-04,72,85,90,91,72,76,80,80.9,Sesuai Ekspektasi,03-08-2026 14:21:00
197407072010042001,PEGAWAI 27,2026-04,70,92,89,91,94,79,82,85.3,Sesuai Ekspektasi,03-08-2026 14:21:00
196703211999081001,PEGAWAI 28,2026-04,92,79,72,81,91,71,71,79.6,Sesuai Ekspektasi,03-08-2026 14:21:00
199510282017052001,PEGAWAI 29,2026-04,86,76,73,79,78,81,83,79.4,Sesuai Ekspektasi,03-08-2026 14:21:00
199309052025111001,PEGAWAI 3,2026-04,75,80,94,90,70,92,79,82.9,Sesuai Ekspektasi,03-08-2026 14:21:00
200009252026081001,PEGAWAI 30,2026-04,95,76,77,95,87,94,72,85.1,Sesuai Ekspektasi,03-08-2026 14:21:00
197902112016041001,PEGAWAI 31,2026-04,93,80,74,95,88,94,89,87.6,Sesuai Ekspektasi,03-08-2026 14:21:00
197408212026051001,PEGAWAI 32,2026-04,75,78,79,75,89,89,95,82.9,Sesuai Ekspektasi,03-08-2026 14:21:00
199312022025061001,PEGAWAI 33,2026-04,75,86,93,77,71,93,94,84.1,Sesuai Ekspektasi,03-08-2026 14:21:00
199802092022051001,PEGAWAI 34,2026-04,81,79,94,95,78,86,92,86.4,Sesuai Ekspektasi,03-08-2026 14:21:00
197907192027091001,PEGAWAI 35,2026-04,89,95,73,85,72,86,82,83.1,Sesuai Ekspektasi,03-08-2026 14:21:00
196706011999021001,PEGAWAI 36,2026-04,94,73,90,89,72,92,83,84.7,Sesuai Ekspektasi,03-08-2026 14:21:00
198311132026121001,PEGAWAI 37,2026-04,84,80,72,83,79,80,71,78.4,Sesuai Ekspektasi,03-08-2026 14:21:00
197611302024091001,PEGAWAI 38,2026-04,91,89,88,82,70,83,81,83.4,Sesuai Ekspektasi,03-08-2026 14:21:00
199511092023012001,PEGAWAI 39,2026-04,91,94,93,81,86,91,75,87.3,Sesuai Ekspektasi,03-08-2026 14:21:00
199302282027111001,PEGAWAI 4,2026-04,94,72,75,73,89,79,93,82.1,Sesuai Ekspektasi,03-08-2026 14:21:00
199606152023062001,PEGAWAI 40,2026-04,89,74,77,77,86,71,81,79.3,Sesuai Ekspektasi,03-08-2026 14:21:00
199602042026041001,PEGAWAI 41,2026-04,89,87,95,83,88,78,78,85.4,Sesuai Ekspektasi,03-08-2026 14:21:00
198703262009081001,PEGAWAI 42,2026-04,79,75,95,83,86,85,84,83.9,Sesuai Ekspektasi,03-08-2026 14:21:00
197509132027031001,PEGAWAI 43,2026-04,89,92,74,87,89,94,93,88.3,Sesuai Ekspektasi,03-08-2026 14:21:00
200112292024011001,PEGAWAI 44,2026-04,88,79,92,94,76,86,94,87.0,Sesuai Ekspektasi,03-08-2026 14:21:00
199710182025112001,PEGAWAI 45,2026-04,77,75,71,93,86,95,83,82.9,Sesuai Ekspektasi,03-08-2026 14:21:00
198804282024031001,PEGAWAI 46,2026-04,95,79,95,71,72,77,70,79.9,Sesuai Ekspektasi,03-08-2026 14:21:00
199809052024081001,PEGAWAI 47,2026-04,89,74,77,78,72,93,79,80.3,Sesuai Ekspektasi,03-08-2026 14:21:00
198512162009122001,PEGAWAI 48,2026-04,92,87,76,72,86,75,92,82.9,Sesuai Ekspektasi,03-08-2026 14:21:00
198304082024101001,PEGAWAI 49,2026-04,81,86,92,91,76,91,84,85.9,Sesuai Ekspektasi,03-08-2026 14:21:00
196908311989051001,PEGAWAI 5,2026-04,81,89,78,87,80,72,78,80.7,Sesuai Ekspektasi,03-08-2026 14:21:00
200203142025051001,PEGAWAI 50,2026-04,75,75,70,70,76,85,84,76.4,Sesuai Ekspektasi,03-08-2026 14:21:00
199211072027091001,PEGAWAI 51,2026-04,81,85,95,71,85,91,93,85.9,Sesuai Ekspektasi,03-08-2026 14:21:00
199906162024101001,PEGAWAI 52,2026-04,89,73,86,94,88,95,75,85.7,Sesuai Ekspektasi,03-08-2026 14:21:00
199806252027041001,PEGAWAI 53,2026-04,92,75,89,84,88,73,76,82.4,Sesuai Ekspektasi,03-08-2026 14:21:00
199204242016121001,PEGAWAI 54,2026-04,93,72,88,80,78,81,75,81.0,Sesuai Ekspektasi,03-08-2026 14:21:00
197202022024051001,PEGAWAI 55,2026-04,95,75,71,89,83,85,91,84.1,Sesuai Ekspektasi,03-08-2026 14:21:00
197209041999011001,PEGAWAI 56,2026-04,87,91,70,84,70,78,73,79.0,Sesuai Ekspektasi,03-08-2026 14:21:00
198901292027011001,PEGAWAI 57,2026-04,92,90,91,80,77,95,87,87.4,Sesuai Ekspektasi,03-08-2026 14:21:00
198110312024051001,PEGAWAI 58,2026-04,89,81,83,84,86,90,80,84.7,Sesuai Ekspektasi,03-08-2026 14:21:00
199904262025092001,PEGAWAI 59,2026-04,88,80,75,71,89,73,79,79.3,Sesuai Ekspektasi,03-08-2026 14:21:00
197110152025031001,PEGAWAI 6,2026-04,72,92,79,78,93,73,75,80.3,Sesuai Ekspektasi,03-08-2026 14:21:00
196911101996022001,PEGAWAI 60,2026-04,89,89,91,83,89,79,81,85.9,Sesuai Ekspektasi,03-08-2026 14:21:00
198101052016061001,PEGAWAI 61,2026-04,85,87,76,80,86,89,79,83.1,Sesuai Ekspektasi,03-08-2026 14:21:00
197609212026011001,PEGAWAI 62,2026-04,77,91,92,80,93,94,74,85.9,Sesuai Ekspektasi,03-08-2026 14:21:00
198505122026101001,PEGAWAI 63,2026-04,89,95,85,81,74,93,71,84.0,Sesuai Ekspektasi,03-08-2026 14:21:00
200306192024121001,PEGAWAI 64,2026-04,90,77,85,86,75,73,85,81.6,Sesuai Ekspektasi,03-08-2026 14:21:00
199711142024012001,PEGAWAI 65,2026-04,76,74,71,76,83,71,92,77.6,Sesuai Ekspektasi,03-08-2026 14:21:00
199502192024012001,PEGAWAI 66,2026-04,92,82,92,85,73,72,90,83.7,Sesuai Ekspektasi,03-08-2026 14:21:00
197907072024062001,PEGAWAI 67,2026-04,80,81,78,80,81,94,88,83.1,Sesuai Ekspektasi,03-08-2026 14:21:00
198206082026111001,PEGAWAI 68,2026-04,85,82,81,86,77,95,93,85.6,Sesuai Ekspektasi,03-08-2026 14:21:00
197604211999042001,PEGAWAI 69,2026-04,79,90,95,77,89,85,87,86.0,Sesuai Ekspektasi,03-08-2026 14:21:00
197712122024041001,PEGAWAI 7,2026-04,76,83,74,95,81,93,86,84.0,Sesuai Ekspektasi,03-08-2026 14:21:00
199009092012091001,PEGAWAI 70,2026-04,97,92,95,91,94,91,91,93.0,Diatas Ekspektasi,03-08-2026 14:21:00
199207292025031001,PEGAWAI 71,2026-04,90,77,88,87,93,75,91,85.9,Sesuai Ekspektasi,03-08-2026 14:21:00
199405252026092001,PEGAWAI 72,2026-04,72,71,71,87,75,70,94,77.1,Sesuai Ekspektasi,03-08-2026 14:21:00
200104282024022001,PEGAWAI 73,2026-04,73,90,80,76,91,70,78,79.7,Sesuai Ekspektasi,03-08-2026 14:21:00
199509262026081001,PEGAWAI 74,2026-04,79,71,84,89,87,73,81,80.6,Sesuai Ekspektasi,03-08-2026 14:21:00
197405021997021001,PEGAWAI 75,2026-04,88,79,80,89,81,77,80,82.0,Sesuai Ekspektasi,03-08-2026 14:21:00
198406302024051001,PEGAWAI 76,2026-04,76,74,74,91,71,85,88,79.9,Sesuai Ekspektasi,03-08-2026 14:21:00
197510172010012001,PEGAWAI 77,2026-04,90,83,90,71,83,80,72,81.3,Sesuai Ekspektasi,03-08-2026 14:21:00
197806042008041001,PEGAWAI 78,2026-04,93,75,74,89,80,86,94,84.4,Sesuai Ekspektasi,03-08-2026 14:21:00
198610032010031001,PEGAWAI 79,2026-04,84,83,92,79,80,84,95,85.3,Sesuai Ekspektasi,03-08-2026 14:21:00
200409252024091001,PEGAWAI 8,2026-04,82,91,81,73,75,95,78,82.1,Sesuai Ekspektasi,03-08-2026 14:21:00
197105162024081001,PEGAWAI 80,2026-04,82,90,79,84,91,89,73,84.0,Sesuai Ekspektasi,03-08-2026 14:21:00
199206052023081001,PEGAWAI 81,2026-04,89,74,86,70,70,88,93,81.4,Sesuai Ekspektasi,03-08-2026 14:21:00
199707032025072001,PEGAWAI 82,2026-04,92,83,79,84,80,77,78,81.9,Sesuai Ekspektasi,03-08-2026 14:21:00
199211022017021001,PEGAWAI 83,2026-04,88,70,72,88,95,75,81,81.3,Sesuai Ekspektasi,03-08-2026 14:21:00
199303022027022001,PEGAWAI 84,2026-04,77,82,94,87,81,79,95,85.0,Sesuai Ekspektasi,03-08-2026 14:21:00
197308181996122001,PEGAWAI 85,2026-04,84,90,79,77,79,72,76,79.6,Sesuai Ekspektasi,03-08-2026 14:21:00
199907092025121001,PEGAWAI 86,2026-04,82,82,79,94,95,94,74,85.7,Sesuai Ekspektasi,03-08-2026 14:21:00
199603072024071001,PEGAWAI 87,2026-04,85,84,86,86,70,79,89,82.7,Sesuai Ekspektasi,03-08-2026 14:21:00
199705172021121001,PEGAWAI 88,2026-04,78,70,80,93,83,91,82,82.4,Sesuai Ekspektasi,03-08-2026 14:21:00
199208022018051001,PEGAWAI 89,2026-04,82,72,78,76,75,75,81,77.0,Sesuai Ekspektasi,03-08-2026 14:21:00
199811082026012001,PEGAWAI 9,2026-04,93,74,86,95,94,74,85,85.9,Sesuai Ekspektasi,03-08-2026 14:21:00
197008102026011001,PEGAWAI 90,2026-04,80,85,76,78,94,89,86,84.0,Sesuai Ekspektasi,03-08-2026 14:21:00
197802232023071001,PEGAWAI 91,2026-04,73,79,89,75,73,85,78,78.9,Sesuai Ekspektasi,03-08-2026 14:21:00
199702232025072001,PEGAWAI 92,2026-04,80,75,80,88,70,77,80,78.6,Sesuai Ekspektasi,03-08-2026 14:21:00
199211142025102001,PEGAWAI 93,2026-04,82,78,78,92,94,77,73,82.0,Sesuai Ekspektasi,03-08-2026 14:21:00
199511092024041001,PEGAWAI 94,2026-04,94,77,70,78,85,72,90,80.9,Sesuai Ekspektasi,03-08-2026 14:21:00
197603292007082001,PEGAWAI 95,2026-04,71,86,84,77,72,76,84,78.6,Sesuai Ekspektasi,03-08-2026 14:21:00
198002292026032001,PEGAWAI 96,2026-04,91,77,72,81,86,92,91,84.3,Sesuai Ekspektasi,03-08-2026 14:21:00
197012012000021001,PEGAWAI 97,2026-04,81,85,87,77,81,83,87,83.0,Sesuai Ekspektasi,03-08-2026 14:21:00
199906232027032001,PEGAWAI 98,2026-04,76,93,85,74,90,82,92,84.6,Sesuai Ekspektasi,03-08-2026 14:21:00
198408022010081001,PEGAWAI 99,2026-04,91,90,92,95,97,98,94,93.9,Diatas Ekspektasi,03-08-2026 14:21:00
